"model","problem","subproblem","covariance_step_run","minimization_successful","covariance_step_successful","covariance_step_warnings","estimate_near_boundary","rounding_errors","zero_gradients","final_zero_gradients","hessian_reset","s_matrix_singular","significant_digits","condition_number","est_methods","model_run_time","subprob_est_time","subprob_cov_time","ofv","1. TVFREL","2. WT coef on TVCL","3. WT coef on TVV","4. TVCL","5. TVV","6. TVMAT","7 TVD1","GENO=1 on CL","GENO=3 on CL","GENO=4 on CL","GENO=1 on CL_","GENO=3 on CL_","GENO=4 on CL_","CLFOOD1","FRELFORM1","FRELNCIL1","1. IIV on RUV","2. IIV on FREL","3. IIV on CL","4. IIV on V","5. IIV on MAT","1. RUV","se1. TVFREL","se2. WT coef on TVCL","se3. WT coef on TVV","se4. TVCL","se5. TVV","se6. TVMAT","se7 TVD1","seGENO=1 on CL","seGENO=3 on CL","seGENO=4 on CL","seGENO=1 on CL_","seGENO=3 on CL_","seGENO=4 on CL_","seCLFOOD1","seFRELFORM1","seFRELNCIL1","se1. IIV on RUV","se2. IIV on FREL","se3. IIV on CL","se4. IIV on V","se5. IIV on MAT","se1. RUV","shrinkage_eta1(%)","shrinkage_eta2(%)","shrinkage_eta3(%)","shrinkage_eta4(%)","shrinkage_eta5(%)","shrinkage_iwres(%)","EI1","EI2","EI3","EI4","EI5","EI6","EI7","EI8","EI9","EI10","EI11","EI12","EI13","EI14","EI15","EI16","EI17","EI18","EI19","EI20","EI21","EI22"
0,1,1,1,1,1,0,0,0,0,0,0,0,3.2,16.3242,FOCE_I,0:04:23,216.95,30.62,-7317.2409496284045,1,0.75,1,13.2659,215.676,6.43001,0.617745,0.736993,-0.235342,-0.510217,-0.423531,0.309171,2.79876,0.253277,-0.144307,0.255211,0.0258609,0.250537,0.0475327,0.154341,0.144086,0.0444071,NA,NA,NA,0.337094,8.92296,0.151535,0.00741603,0.186901,0.0512634,0.053727,0.0991659,0.12055,0.548426,0.00958177,0.0100091,0.0798255,0.0031438,0.0208854,0.0139066,0.0170048,0.0124238,0.00102286,NA,NA,NA,NA,NA,NA,0.153688,0.235034,0.254396,0.300335,0.383968,0.502683,0.54076,0.589686,0.747028,0.890524,0.964212,1.02899,1.2358,1.40895,1.50191,1.61319,1.85088,2.28912,2.50884,NA,NA,NA
1,1,1,0,1,0,0,0,0,0,0,0,0,3.8,NA,FOCE_I,0:13:01,767.66,0,-7234.9387901242208,1,0.75,1,12.8058,198.602,6.32711,0.605404,0.494116,-0.339433,-0.423481,-0.487723,0.182337,3.42535,0.218163,-0.154907,0.221832,0.0245078,0.270722,0.0359645,0.175023,0.163402,0.0439916,NA,NA,NA,NA,NA,NA,NA,NA,NA,NA,NA,NA,NA,NA,NA,NA,NA,NA,NA,NA,NA,NA,NA,NA,NA,NA,NA,NA,NA,NA,NA,NA,NA,NA,NA,NA,NA,NA,NA,NA,NA,NA,NA,NA,NA,NA,NA,NA,NA,NA
2,1,1,run failed: NONMEM run failed
3,1,1,0,1,0,0,0,0,0,0,0,0,3.3,NA,FOCE_I,0:12:44,748.88,0,-7497.7402517916507,1,0.75,1,13.4012,217.941,6.60212,0.644555,0.990775,-0.113506,-0.419591,-0.359346,0.492116,3.79331,0.22075,-0.150702,0.18543,0.0277117,0.270288,0.046655,0.16301,0.132858,0.042344,NA,NA,NA,NA,NA,NA,NA,NA,NA,NA,NA,NA,NA,NA,NA,NA,NA,NA,NA,NA,NA,NA,NA,NA,NA,NA,NA,NA,NA,NA,NA,NA,NA,NA,NA,NA,NA,NA,NA,NA,NA,NA,NA,NA,NA,NA,NA,NA,NA,NA
4,1,1,0,1,0,0,0,0,0,0,0,0,3.7,NA,FOCE_I,0:10:57,646.38,0,-7512.1463357275543,1,0.75,1,13.0413,215.081,6.51536,0.635227,0.866835,-0.21569,-0.513707,-0.439619,0.261616,2.95159,0.275957,-0.136827,0.219527,0.0294697,0.269415,0.0432881,0.175824,0.109648,0.0430021,NA,NA,NA,NA,NA,NA,NA,NA,NA,NA,NA,NA,NA,NA,NA,NA,NA,NA,NA,NA,NA,NA,NA,NA,NA,NA,NA,NA,NA,NA,NA,NA,NA,NA,NA,NA,NA,NA,NA,NA,NA,NA,NA,NA,NA,NA,NA,NA,NA,NA
5,1,1,0,0,0,0,0,1,0,0,0,0,2.7,NA,FOCE_I,0:15:56,942.2,0,-7270.2185747666972,1,0.75,1,13.8456,218.49,6.52163,0.63259,0.680754,-0.346663,-0.503951,-0.34507,0.0816355,3.54565,0.214206,-0.153298,0.294724,0.028279,0.233022,0.0432084,0.186716,0.150918,0.0445695,NA,NA,NA,NA,NA,NA,NA,NA,NA,NA,NA,NA,NA,NA,NA,NA,NA,NA,NA,NA,NA,NA,NA,NA,NA,NA,NA,NA,NA,NA,NA,NA,NA,NA,NA,NA,NA,NA,NA,NA,NA,NA,NA,NA,NA,NA,NA,NA,NA,NA
6,1,1,0,1,0,0,0,0,0,0,1,0,3,NA,FOCE_I,0:18:14,1080.75,0,-7214.0944297810483,1,0.75,1,13.1261,204.966,6.35737,0.610282,0.720774,-0.277091,-0.615654,-0.355624,0.13051,1.62968,0.238215,-0.154997,0.329925,0.0235806,0.221311,0.0469674,0.175809,0.131575,0.0470968,NA,NA,NA,NA,NA,NA,NA,NA,NA,NA,NA,NA,NA,NA,NA,NA,NA,NA,NA,NA,NA,NA,NA,NA,NA,NA,NA,NA,NA,NA,NA,NA,NA,NA,NA,NA,NA,NA,NA,NA,NA,NA,NA,NA,NA,NA,NA,NA,NA,NA
7,1,1,0,1,0,0,0,0,0,0,0,0,3.4,NA,FOCE_I,0:04:13,244.4,0,-7200.3150036816669,1,0.75,1,12.6695,204.775,6.60123,0.600887,0.720813,-0.191441,-0.524932,-0.342478,0.324724,2.95889,0.253342,-0.140382,0.310344,0.0198279,0.240246,0.0515455,0.152603,0.139988,0.0465186,NA,NA,NA,NA,NA,NA,NA,NA,NA,NA,NA,NA,NA,NA,NA,NA,NA,NA,NA,NA,NA,NA,NA,NA,NA,NA,NA,NA,NA,NA,NA,NA,NA,NA,NA,NA,NA,NA,NA,NA,NA,NA,NA,NA,NA,NA,NA,NA,NA,NA
8,1,1,0,1,0,0,0,0,0,0,0,0,4,NA,FOCE_I,0:12:19,725.93,0,-7403.4665685263008,1,0.75,1,13.1074,209.828,6.75298,0.647607,0.654378,-0.259209,-0.469293,-0.509136,0.185436,3.17757,0.275918,-0.15003,0.274142,0.0301084,0.238336,0.0493231,0.121015,0.140633,0.0443291,NA,NA,NA,NA,NA,NA,NA,NA,NA,NA,NA,NA,NA,NA,NA,NA,NA,NA,NA,NA,NA,NA,NA,NA,NA,NA,NA,NA,NA,NA,NA,NA,NA,NA,NA,NA,NA,NA,NA,NA,NA,NA,NA,NA,NA,NA,NA,NA,NA,NA
9,1,1,0,0,0,0,0,1,0,0,2,0,1.9,NA,FOCE_I,0:28:03,1670.32,0,-7312.6322157118993,1,0.75,1,13.779,225.502,6.31946,0.616553,0.643216,-0.340438,-0.511831,-0.432912,0.173464,2.79555,0.310085,-0.14294,0.272456,0.0217978,0.259475,0.0474869,0.15258,0.171659,0.0443581,NA,NA,NA,NA,NA,NA,NA,NA,NA,NA,NA,NA,NA,NA,NA,NA,NA,NA,NA,NA,NA,NA,NA,NA,NA,NA,NA,NA,NA,NA,NA,NA,NA,NA,NA,NA,NA,NA,NA,NA,NA,NA,NA,NA,NA,NA,NA,NA,NA,NA
10,1,1,0,1,0,0,0,0,0,0,0,0,3.8,NA,FOCE_I,0:12:58,765.36,0,-7743.2562521265954,1,0.75,1,13.1489,218.28,6.37243,0.613811,0.341275,-0.252891,-0.339288,-0.566058,0.213749,4.09982,0.248304,-0.147696,0.287063,0.0262911,0.229633,0.0477275,0.148015,0.152805,0.0416474,NA,NA,NA,NA,NA,NA,NA,NA,NA,NA,NA,NA,NA,NA,NA,NA,NA,NA,NA,NA,NA,NA,NA,NA,NA,NA,NA,NA,NA,NA,NA,NA,NA,NA,NA,NA,NA,NA,NA,NA,NA,NA,NA,NA,NA,NA,NA,NA,NA,NA
11,1,1,0,1,0,0,0,0,0,0,0,0,3.7,NA,FOCE_I,0:12:56,762.78,0,-7289.8218498613151,1,0.75,1,13.0052,214.717,6.43116,0.630412,1.12948,-0.0696062,-0.502386,-0.355112,0.563178,3.02093,0.254516,-0.137613,0.249442,0.0294252,0.216818,0.0555951,0.153003,0.135567,0.0446939,NA,NA,NA,NA,NA,NA,NA,NA,NA,NA,NA,NA,NA,NA,NA,NA,NA,NA,NA,NA,NA,NA,NA,NA,NA,NA,NA,NA,NA,NA,NA,NA,NA,NA,NA,NA,NA,NA,NA,NA,NA,NA,NA,NA,NA,NA,NA,NA,NA,NA
12,1,1,0,1,0,0,0,0,0,0,0,0,4.8,NA,FOCE_I,0:12:17,723.19,0,-7298.5216980462492,1,0.75,1,13.0353,217.893,6.36897,0.586684,0.54396,-0.333293,-0.54524,-0.456661,0.0832072,2.47042,0.277601,-0.141043,0.251233,0.0222735,0.233555,0.0398412,0.187874,0.136827,0.0451084,NA,NA,NA,NA,NA,NA,NA,NA,NA,NA,NA,NA,NA,NA,NA,NA,NA,NA,NA,NA,NA,NA,NA,NA,NA,NA,NA,NA,NA,NA,NA,NA,NA,NA,NA,NA,NA,NA,NA,NA,NA,NA,NA,NA,NA,NA,NA,NA,NA,NA
13,1,1,0,1,0,0,0,0,0,0,0,0,3.6,NA,FOCE_I,0:13:32,797.99,0,-7304.9606984923657,1,0.75,1,12.9574,206.884,6.38801,0.58343,0.757893,-0.242328,-0.450821,-0.248824,0.336276,2.98061,0.263396,-0.154278,0.190144,0.0237147,0.227099,0.0658585,0.107456,0.145316,0.0455876,NA,NA,NA,NA,NA,NA,NA,NA,NA,NA,NA,NA,NA,NA,NA,NA,NA,NA,NA,NA,NA,NA,NA,NA,NA,NA,NA,NA,NA,NA,NA,NA,NA,NA,NA,NA,NA,NA,NA,NA,NA,NA,NA,NA,NA,NA,NA,NA,NA,NA
14,1,1,0,1,0,0,0,0,0,0,0,0,3.4,NA,FOCE_I,0:15:38,923.93,0,-7215.7023807514424,1,0.75,1,13.3681,212.427,6.46978,0.615075,0.853029,-0.316617,-0.514624,-0.344673,0.067361,2.90039,0.257907,-0.132765,0.302239,0.0329375,0.246418,0.0462643,0.137251,0.136395,0.0446246,NA,NA,NA,NA,NA,NA,NA,NA,NA,NA,NA,NA,NA,NA,NA,NA,NA,NA,NA,NA,NA,NA,NA,NA,NA,NA,NA,NA,NA,NA,NA,NA,NA,NA,NA,NA,NA,NA,NA,NA,NA,NA,NA,NA,NA,NA,NA,NA,NA,NA
15,1,1,0,1,0,0,0,0,0,0,0,0,3.3,NA,FOCE_I,0:12:16,722.34,0,-7441.3306832748676,1,0.75,1,13.6871,230.408,6.16791,0.621546,0.570519,-0.210786,-0.577794,-0.487815,0.350402,3.13182,0.271917,-0.145575,0.29539,0.0171811,0.253462,0.0606189,0.12856,0.142015,0.0443939,NA,NA,NA,NA,NA,NA,NA,NA,NA,NA,NA,NA,NA,NA,NA,NA,NA,NA,NA,NA,NA,NA,NA,NA,NA,NA,NA,NA,NA,NA,NA,NA,NA,NA,NA,NA,NA,NA,NA,NA,NA,NA,NA,NA,NA,NA,NA,NA,NA,NA
16,1,1,0,1,0,0,0,0,0,0,0,0,4.5,NA,FOCE_I,0:13:36,803.05,0,-7282.1296348109317,1,0.75,1,14.2212,228.723,6.26502,0.579873,0.325122,-0.345702,-0.501679,-0.393214,0.251952,3.14502,0.236103,-0.136866,0.186468,0.0308118,0.251228,0.0415412,0.119555,0.149064,0.0438802,NA,NA,NA,NA,NA,NA,NA,NA,NA,NA,NA,NA,NA,NA,NA,NA,NA,NA,NA,NA,NA,NA,NA,NA,NA,NA,NA,NA,NA,NA,NA,NA,NA,NA,NA,NA,NA,NA,NA,NA,NA,NA,NA,NA,NA,NA,NA,NA,NA,NA
17,1,1,0,1,0,0,0,0,0,0,0,0,3.1,NA,FOCE_I,0:09:45,374.22,0,-7795.4369815707669,1,0.75,1,12.7663,207.664,6.5393,0.632969,0.746314,-0.241512,-0.478901,-0.258857,0.304161,3.20817,0.273634,-0.135195,0.0700853,0.0244685,0.246361,0.0526038,0.148926,0.143561,0.0418886,NA,NA,NA,NA,NA,NA,NA,NA,NA,NA,NA,NA,NA,NA,NA,NA,NA,NA,NA,NA,NA,NA,NA,NA,NA,NA,NA,NA,NA,NA,NA,NA,NA,NA,NA,NA,NA,NA,NA,NA,NA,NA,NA,NA,NA,NA,NA,NA,NA,NA
18,1,1,0,1,0,0,0,0,0,0,1,0,3.8,NA,FOCE_I,0:16:28,975.84,0,-7066.1172871721601,1,0.75,1,13.5871,218.346,6.69071,0.676014,0.773784,-0.242569,-0.547596,-0.399817,0.433058,2.84511,0.273616,-0.135176,0.224402,0.0220571,0.233001,0.0490906,0.149305,0.175818,0.0480648,NA,NA,NA,NA,NA,NA,NA,NA,NA,NA,NA,NA,NA,NA,NA,NA,NA,NA,NA,NA,NA,NA,NA,NA,NA,NA,NA,NA,NA,NA,NA,NA,NA,NA,NA,NA,NA,NA,NA,NA,NA,NA,NA,NA,NA,NA,NA,NA,NA,NA
19,1,1,0,1,0,0,0,0,0,0,0,0,3.5,NA,FOCE_I,0:04:38,260.45,0,-7145.0046028918159,1,0.75,1,13.1682,213.803,6.53925,0.607533,0.764924,-0.269686,-0.573121,-0.482576,0.296785,2.72586,0.310265,-0.148102,0.18001,0.0213032,0.248388,0.049134,0.125695,0.166465,0.0455259,NA,NA,NA,NA,NA,NA,NA,NA,NA,NA,NA,NA,NA,NA,NA,NA,NA,NA,NA,NA,NA,NA,NA,NA,NA,NA,NA,NA,NA,NA,NA,NA,NA,NA,NA,NA,NA,NA,NA,NA,NA,NA,NA,NA,NA,NA,NA,NA,NA,NA
20,1,1,0,1,0,0,0,0,0,0,1,0,3.2,NA,FOCE_I,0:08:44,416.96,0,-7245.6432431139183,1,0.75,1,12.7449,211.615,6.40286,0.615641,0.896443,-0.284434,-0.511332,-0.39345,0.202935,2.25973,0.245626,-0.133855,0.182873,0.0284487,0.244213,0.0372082,0.205954,0.140939,0.0436736,NA,NA,NA,NA,NA,NA,NA,NA,NA,NA,NA,NA,NA,NA,NA,NA,NA,NA,NA,NA,NA,NA,NA,NA,NA,NA,NA,NA,NA,NA,NA,NA,NA,NA,NA,NA,NA,NA,NA,NA,NA,NA,NA,NA,NA,NA,NA,NA,NA,NA
21,1,1,0,0,0,0,0,1,0,0,0,0,2.8,NA,FOCE_I,0:10:14,447.79,0,-7320.9115707289693,1,0.75,1,13.0809,221.037,6.33637,0.638559,0.628005,-0.0792503,-0.508361,-0.523625,0.534009,2.48154,0.269604,-0.154674,0.249566,0.0272779,0.253819,0.0451151,0.170531,0.135924,0.0434507,NA,NA,NA,NA,NA,NA,NA,NA,NA,NA,NA,NA,NA,NA,NA,NA,NA,NA,NA,NA,NA,NA,NA,NA,NA,NA,NA,NA,NA,NA,NA,NA,NA,NA,NA,NA,NA,NA,NA,NA,NA,NA,NA,NA,NA,NA,NA,NA,NA,NA
22,1,1,0,1,0,0,0,0,0,0,0,0,3.8,NA,FOCE_I,0:09:35,371.2,0,-7226.6287270659532,1,0.75,1,12.8342,209.004,6.77476,0.651644,1.05795,-0.171578,-0.546876,-0.300782,0.332922,2.57096,0.265263,-0.146715,0.151046,0.0295059,0.256453,0.0508322,0.139517,0.14064,0.0444736,NA,NA,NA,NA,NA,NA,NA,NA,NA,NA,NA,NA,NA,NA,NA,NA,NA,NA,NA,NA,NA,NA,NA,NA,NA,NA,NA,NA,NA,NA,NA,NA,NA,NA,NA,NA,NA,NA,NA,NA,NA,NA,NA,NA,NA,NA,NA,NA,NA,NA
23,1,1,0,1,0,0,0,0,0,0,0,0,3.8,NA,FOCE_I,0:19:56,670.93,0,-7350.2868449237594,1,0.75,1,12.9798,213.142,6.46241,0.637291,0.496404,-0.250347,-0.543119,-0.435364,0.250974,2.75543,0.253957,-0.143337,0.182314,0.0243173,0.233371,0.0425575,0.140933,0.167829,0.0445722,NA,NA,NA,NA,NA,NA,NA,NA,NA,NA,NA,NA,NA,NA,NA,NA,NA,NA,NA,NA,NA,NA,NA,NA,NA,NA,NA,NA,NA,NA,NA,NA,NA,NA,NA,NA,NA,NA,NA,NA,NA,NA,NA,NA,NA,NA,NA,NA,NA,NA
24,1,1,0,1,0,0,0,0,0,0,0,0,3.1,NA,FOCE_I,0:09:30,336.26,0,-7623.6592388838899,1,0.75,1,12.4012,210.863,6.26625,0.630123,0.7696,-0.256435,-0.46257,-0.404316,0.238616,3.41208,0.269396,-0.156739,0.164839,0.0286128,0.203861,0.0684784,0.131079,0.131521,0.0431016,NA,NA,NA,NA,NA,NA,NA,NA,NA,NA,NA,NA,NA,NA,NA,NA,NA,NA,NA,NA,NA,NA,NA,NA,NA,NA,NA,NA,NA,NA,NA,NA,NA,NA,NA,NA,NA,NA,NA,NA,NA,NA,NA,NA,NA,NA,NA,NA,NA,NA
25,1,1,0,1,0,0,0,0,0,0,2,0,3.4,NA,FOCE_I,0:15:31,695.32,0,-7287.7970443101667,1,0.75,1,13.6049,214.309,6.45871,0.614626,0.45049,-0.247967,-0.502865,-0.581362,0.258418,3.16729,0.266556,-0.132881,0.239028,0.0273228,0.248941,0.0480135,0.137362,0.137106,0.0433803,NA,NA,NA,NA,NA,NA,NA,NA,NA,NA,NA,NA,NA,NA,NA,NA,NA,NA,NA,NA,NA,NA,NA,NA,NA,NA,NA,NA,NA,NA,NA,NA,NA,NA,NA,NA,NA,NA,NA,NA,NA,NA,NA,NA,NA,NA,NA,NA,NA,NA
26,1,1,0,1,0,0,0,0,0,0,0,0,3.8,NA,FOCE_I,0:14:36,588.68,0,-7515.3629993323775,1,0.75,1,13.125,209.402,6.39197,0.622523,0.739606,-0.14949,-0.469301,-0.513206,0.462106,2.84941,0.20673,-0.151849,0.256291,0.0261422,0.249002,0.0551112,0.137888,0.128237,0.0424221,NA,NA,NA,NA,NA,NA,NA,NA,NA,NA,NA,NA,NA,NA,NA,NA,NA,NA,NA,NA,NA,NA,NA,NA,NA,NA,NA,NA,NA,NA,NA,NA,NA,NA,NA,NA,NA,NA,NA,NA,NA,NA,NA,NA,NA,NA,NA,NA,NA,NA
27,1,1,0,1,0,0,0,0,0,0,0,0,3.1,NA,FOCE_I,0:19:58,656.88,0,-7545.0601239896187,1,0.75,1,13.4372,218.529,6.47635,0.612453,0.975328,-0.170963,-0.576289,-0.359664,0.391269,2.23984,0.217608,-0.151951,0.296095,0.0176458,0.218116,0.0638278,0.155008,0.143764,0.044551,NA,NA,NA,NA,NA,NA,NA,NA,NA,NA,NA,NA,NA,NA,NA,NA,NA,NA,NA,NA,NA,NA,NA,NA,NA,NA,NA,NA,NA,NA,NA,NA,NA,NA,NA,NA,NA,NA,NA,NA,NA,NA,NA,NA,NA,NA,NA,NA,NA,NA
28,1,1,0,0,0,0,0,1,0,0,1,0,1.1,NA,FOCE_I,0:22:05,1030.96,0,-7344.0300348510291,1,0.75,1,13.0507,213.626,6.33177,0.609077,0.785081,-0.193219,-0.473555,-0.320098,0.29627,3.09251,0.227827,-0.149203,0.293261,0.0169823,0.229798,0.0673712,0.138365,0.157898,0.045873,NA,NA,NA,NA,NA,NA,NA,NA,NA,NA,NA,NA,NA,NA,NA,NA,NA,NA,NA,NA,NA,NA,NA,NA,NA,NA,NA,NA,NA,NA,NA,NA,NA,NA,NA,NA,NA,NA,NA,NA,NA,NA,NA,NA,NA,NA,NA,NA,NA,NA
29,1,1,0,0,0,0,0,1,0,0,0,0,3,NA,FOCE_I,0:15:54,421.29,0,-7384.1431670537786,1,0.75,1,13.532,217.494,6.29035,0.624182,1.01835,-0.260075,-0.61688,-0.428768,0.396587,2.41878,0.274943,-0.135916,0.213886,0.0300577,0.260297,0.0532575,0.137375,0.15023,0.0419049,NA,NA,NA,NA,NA,NA,NA,NA,NA,NA,NA,NA,NA,NA,NA,NA,NA,NA,NA,NA,NA,NA,NA,NA,NA,NA,NA,NA,NA,NA,NA,NA,NA,NA,NA,NA,NA,NA,NA,NA,NA,NA,NA,NA,NA,NA,NA,NA,NA,NA
30,1,1,0,0,0,0,0,1,0,0,0,0,3,NA,FOCE_I,0:14:42,468.8,0,-7028.2152366847022,1,0.75,1,12.6598,204.128,6.71528,0.63848,0.871467,-0.322958,-0.567418,-0.497179,0.0997941,2.09504,0.304437,-0.14161,0.227483,0.0315794,0.262428,0.0525706,0.135367,0.15831,0.0457267,NA,NA,NA,NA,NA,NA,NA,NA,NA,NA,NA,NA,NA,NA,NA,NA,NA,NA,NA,NA,NA,NA,NA,NA,NA,NA,NA,NA,NA,NA,NA,NA,NA,NA,NA,NA,NA,NA,NA,NA,NA,NA,NA,NA,NA,NA,NA,NA,NA,NA
31,1,1,0,1,0,0,0,0,0,0,0,0,3.6,NA,FOCE_I,0:15:00,366.62,0,-7477.5986311868328,1,0.75,1,13.6124,216.797,6.65635,0.640856,1.07168,-0.188151,-0.567394,-0.359438,0.395296,2.32935,0.259321,-0.146447,0.316534,0.0223152,0.254457,0.0331187,0.139371,0.144081,0.0441485,NA,NA,NA,NA,NA,NA,NA,NA,NA,NA,NA,NA,NA,NA,NA,NA,NA,NA,NA,NA,NA,NA,NA,NA,NA,NA,NA,NA,NA,NA,NA,NA,NA,NA,NA,NA,NA,NA,NA,NA,NA,NA,NA,NA,NA,NA,NA,NA,NA,NA
32,1,1,0,1,0,0,0,0,0,0,0,0,3.3,NA,FOCE_I,0:21:25,659.75,0,-7409.0455511258569,1,0.75,1,12.7573,206.785,6.39446,0.629531,0.944766,-0.298486,-0.598612,-0.230559,0.0975632,2.37177,0.294671,-0.15311,0.150961,0.0275602,0.243452,0.0604467,0.127839,0.14797,0.0444209,NA,NA,NA,NA,NA,NA,NA,NA,NA,NA,NA,NA,NA,NA,NA,NA,NA,NA,NA,NA,NA,NA,NA,NA,NA,NA,NA,NA,NA,NA,NA,NA,NA,NA,NA,NA,NA,NA,NA,NA,NA,NA,NA,NA,NA,NA,NA,NA,NA,NA
33,1,1,0,1,0,0,0,0,0,0,0,0,3.7,NA,FOCE_I,0:20:33,609,0,-7462.9555744465724,1,0.75,1,13.0524,205.21,6.63824,0.631359,0.95783,-0.276157,-0.521786,-0.46876,0.184287,2.11169,0.229562,-0.135468,0.111603,0.0258295,0.258545,0.0404587,0.177842,0.148694,0.0424291,NA,NA,NA,NA,NA,NA,NA,NA,NA,NA,NA,NA,NA,NA,NA,NA,NA,NA,NA,NA,NA,NA,NA,NA,NA,NA,NA,NA,NA,NA,NA,NA,NA,NA,NA,NA,NA,NA,NA,NA,NA,NA,NA,NA,NA,NA,NA,NA,NA,NA
34,1,1,0,1,0,0,0,0,0,0,0,0,3.5,NA,FOCE_I,0:20:02,598.74,0,-7032.3179453342746,1,0.75,1,13.0339,199.435,6.45268,0.64671,1.08627,-0.184452,-0.536242,-0.351318,0.408715,2.59112,0.22874,-0.157916,0.316346,0.0225928,0.239638,0.0472187,0.128391,0.15954,0.0467091,NA,NA,NA,NA,NA,NA,NA,NA,NA,NA,NA,NA,NA,NA,NA,NA,NA,NA,NA,NA,NA,NA,NA,NA,NA,NA,NA,NA,NA,NA,NA,NA,NA,NA,NA,NA,NA,NA,NA,NA,NA,NA,NA,NA,NA,NA,NA,NA,NA,NA
35,1,1,0,1,0,0,0,0,0,0,0,0,3.7,NA,FOCE_I,0:15:54,310.73,0,-7433.5113108876249,1,0.75,1,13.4514,212.63,6.47677,0.641615,0.236137,-0.347025,-0.574101,-0.58238,0.156942,2.92279,0.244886,-0.1527,0.178346,0.0320805,0.211057,0.062916,0.123175,0.149827,0.042972,NA,NA,NA,NA,NA,NA,NA,NA,NA,NA,NA,NA,NA,NA,NA,NA,NA,NA,NA,NA,NA,NA,NA,NA,NA,NA,NA,NA,NA,NA,NA,NA,NA,NA,NA,NA,NA,NA,NA,NA,NA,NA,NA,NA,NA,NA,NA,NA,NA,NA
36,1,1,0,1,0,0,0,0,0,0,0,0,3.3,NA,FOCE_I,0:12:24,343.57,0,-7218.8580743309758,1,0.75,1,12.7758,203.233,6.48496,0.636378,0.738677,-0.291866,-0.5374,-0.420814,0.121753,2.69525,0.248612,-0.139104,0.373046,0.0180137,0.268407,0.0518122,0.148071,0.148129,0.0467748,NA,NA,NA,NA,NA,NA,NA,NA,NA,NA,NA,NA,NA,NA,NA,NA,NA,NA,NA,NA,NA,NA,NA,NA,NA,NA,NA,NA,NA,NA,NA,NA,NA,NA,NA,NA,NA,NA,NA,NA,NA,NA,NA,NA,NA,NA,NA,NA,NA,NA
37,1,1,0,1,0,0,0,0,0,0,0,0,3.5,NA,FOCE_I,0:17:40,654.6,0,-7469.2963984002163,1,0.75,1,13.6836,233.766,6.39283,0.592046,0.762009,-0.178615,-0.426164,-0.406073,0.411107,3.39585,0.236706,-0.139606,0.422916,0.0301462,0.273221,0.0347206,0.145803,0.150168,0.0418668,NA,NA,NA,NA,NA,NA,NA,NA,NA,NA,NA,NA,NA,NA,NA,NA,NA,NA,NA,NA,NA,NA,NA,NA,NA,NA,NA,NA,NA,NA,NA,NA,NA,NA,NA,NA,NA,NA,NA,NA,NA,NA,NA,NA,NA,NA,NA,NA,NA,NA
38,1,1,0,0,0,0,0,1,0,0,0,0,3,NA,FOCE_I,0:09:30,381.21,0,-7393.1009733364954,1,0.75,1,13.4146,213.292,6.3548,0.58915,0.747487,-0.255252,-0.594726,-0.487991,0.339753,2.15523,0.220477,-0.143083,0.268269,0.0235947,0.284023,0.0586387,0.120039,0.134081,0.04349,NA,NA,NA,NA,NA,NA,NA,NA,NA,NA,NA,NA,NA,NA,NA,NA,NA,NA,NA,NA,NA,NA,NA,NA,NA,NA,NA,NA,NA,NA,NA,NA,NA,NA,NA,NA,NA,NA,NA,NA,NA,NA,NA,NA,NA,NA,NA,NA,NA,NA
39,1,1,0,1,0,0,0,0,0,0,0,0,3.2,NA,FOCE_I,0:15:47,781.73,0,-7518.4006228188136,1,0.75,1,12.6663,211.784,6.36856,0.615223,0.867385,-0.22834,-0.618495,-0.36642,0.371001,1.60058,0.258404,-0.143637,0.217804,0.0146514,0.271083,0.0263704,0.148567,0.131736,0.0466932,NA,NA,NA,NA,NA,NA,NA,NA,NA,NA,NA,NA,NA,NA,NA,NA,NA,NA,NA,NA,NA,NA,NA,NA,NA,NA,NA,NA,NA,NA,NA,NA,NA,NA,NA,NA,NA,NA,NA,NA,NA,NA,NA,NA,NA,NA,NA,NA,NA,NA
40,1,1,0,1,0,0,0,0,0,0,0,0,3.4,NA,FOCE_I,0:14:33,711.56,0,-7218.8617122467422,1,0.75,1,12.9263,213.091,6.64269,0.642364,1.21846,-0.23806,-0.465349,-0.180628,0.307183,3.00594,0.226767,-0.148849,0.196266,0.033235,0.234399,0.0649286,0.131624,0.129493,0.0446905,NA,NA,NA,NA,NA,NA,NA,NA,NA,NA,NA,NA,NA,NA,NA,NA,NA,NA,NA,NA,NA,NA,NA,NA,NA,NA,NA,NA,NA,NA,NA,NA,NA,NA,NA,NA,NA,NA,NA,NA,NA,NA,NA,NA,NA,NA,NA,NA,NA,NA
41,1,1,0,1,0,0,0,0,0,0,0,0,3.6,NA,FOCE_I,0:14:52,737.21,0,-7736.2991090970318,1,0.75,1,13.8233,229.65,6.40454,0.583048,0.41393,-0.34842,-0.530632,-0.340235,0.0921537,3.14485,0.276496,-0.141771,0.247193,0.0220496,0.271009,0.0499765,0.144762,0.141057,0.0413043,NA,NA,NA,NA,NA,NA,NA,NA,NA,NA,NA,NA,NA,NA,NA,NA,NA,NA,NA,NA,NA,NA,NA,NA,NA,NA,NA,NA,NA,NA,NA,NA,NA,NA,NA,NA,NA,NA,NA,NA,NA,NA,NA,NA,NA,NA,NA,NA,NA,NA
42,1,1,0,1,0,0,0,0,0,0,0,0,3.8,NA,FOCE_I,0:13:27,659.07,0,-7426.9889981158531,1,0.75,1,13.3168,226.799,6.71049,0.632345,0.738073,-0.266994,-0.528329,-0.310339,0.237408,3.01311,0.339189,-0.14051,0.302532,0.0211047,0.235405,0.0520499,0.155849,0.138578,0.0457647,NA,NA,NA,NA,NA,NA,NA,NA,NA,NA,NA,NA,NA,NA,NA,NA,NA,NA,NA,NA,NA,NA,NA,NA,NA,NA,NA,NA,NA,NA,NA,NA,NA,NA,NA,NA,NA,NA,NA,NA,NA,NA,NA,NA,NA,NA,NA,NA,NA,NA
43,1,1,0,1,0,0,0,0,0,0,0,0,3.5,NA,FOCE_I,0:07:21,295.06,0,-7431.8172379037478,1,0.75,1,12.6947,219.213,6.19615,0.588909,0.888991,-0.274444,-0.513531,-0.46683,0.269983,2.89666,0.321916,-0.149369,0.127696,0.0228903,0.231747,0.0606302,0.151126,0.15121,0.0443013,NA,NA,NA,NA,NA,NA,NA,NA,NA,NA,NA,NA,NA,NA,NA,NA,NA,NA,NA,NA,NA,NA,NA,NA,NA,NA,NA,NA,NA,NA,NA,NA,NA,NA,NA,NA,NA,NA,NA,NA,NA,NA,NA,NA,NA,NA,NA,NA,NA,NA
44,1,1,0,1,0,0,0,0,0,0,0,0,3.5,NA,FOCE_I,0:14:19,816.99,0,-7161.1311494390748,1,0.75,1,13.3238,208.443,6.33465,0.623838,0.939249,-0.346066,-0.515907,-0.427106,0.143167,2.48675,0.246885,-0.154938,0.316314,0.023856,0.267551,0.059495,0.121736,0.152827,0.0459341,NA,NA,NA,NA,NA,NA,NA,NA,NA,NA,NA,NA,NA,NA,NA,NA,NA,NA,NA,NA,NA,NA,NA,NA,NA,NA,NA,NA,NA,NA,NA,NA,NA,NA,NA,NA,NA,NA,NA,NA,NA,NA,NA,NA,NA,NA,NA,NA,NA,NA
45,1,1,0,0,0,0,0,1,0,0,1,0,1.7,NA,FOCE_I,0:21:13,1230.93,0,-7323.3195303986377,1,0.75,1,13.4934,216.511,6.28597,0.609034,0.784329,-0.257295,-0.587216,-0.482741,0.226553,2.50115,0.232788,-0.156736,0.298944,0.0223623,0.260563,0.0464438,0.193332,0.139281,0.0439234,NA,NA,NA,NA,NA,NA,NA,NA,NA,NA,NA,NA,NA,NA,NA,NA,NA,NA,NA,NA,NA,NA,NA,NA,NA,NA,NA,NA,NA,NA,NA,NA,NA,NA,NA,NA,NA,NA,NA,NA,NA,NA,NA,NA,NA,NA,NA,NA,NA,NA
46,1,1,0,1,0,0,0,0,0,0,0,0,3.2,NA,FOCE_I,0:13:43,779.24,0,-7403.0642661677848,1,0.75,1,13.5986,215.895,6.61573,0.625563,0.731485,-0.304166,-0.598675,-0.419937,0.121623,2.42339,0.228195,-0.141897,0.300797,0.0352012,0.237699,0.0490715,0.138456,0.145144,0.0435836,NA,NA,NA,NA,NA,NA,NA,NA,NA,NA,NA,NA,NA,NA,NA,NA,NA,NA,NA,NA,NA,NA,NA,NA,NA,NA,NA,NA,NA,NA,NA,NA,NA,NA,NA,NA,NA,NA,NA,NA,NA,NA,NA,NA,NA,NA,NA,NA,NA,NA
47,1,1,0,0,0,0,0,1,0,0,0,0,2.5,NA,FOCE_I,0:15:23,873.42,0,-7436.2987281504902,1,0.75,1,13.5442,205.254,6.5259,0.604827,0.858689,-0.185194,-0.588766,-0.361081,0.352908,2.97585,0.198275,-0.152901,0.161918,0.0185,0.232295,0.0523478,0.145965,0.140119,0.0441754,NA,NA,NA,NA,NA,NA,NA,NA,NA,NA,NA,NA,NA,NA,NA,NA,NA,NA,NA,NA,NA,NA,NA,NA,NA,NA,NA,NA,NA,NA,NA,NA,NA,NA,NA,NA,NA,NA,NA,NA,NA,NA,NA,NA,NA,NA,NA,NA,NA,NA
48,1,1,0,1,0,0,0,0,0,0,0,0,3.9,NA,FOCE_I,0:12:38,717.96,0,-7334.5757718905170,1,0.75,1,13.6151,222.267,6.36529,0.613523,0.848002,-0.172864,-0.50038,-0.37192,0.25575,2.49071,0.251697,-0.148758,0.203433,0.0280909,0.235449,0.0412531,0.16459,0.149671,0.0420336,NA,NA,NA,NA,NA,NA,NA,NA,NA,NA,NA,NA,NA,NA,NA,NA,NA,NA,NA,NA,NA,NA,NA,NA,NA,NA,NA,NA,NA,NA,NA,NA,NA,NA,NA,NA,NA,NA,NA,NA,NA,NA,NA,NA,NA,NA,NA,NA,NA,NA
49,1,1,0,1,0,0,0,0,0,0,0,0,3.1,NA,FOCE_I,0:06:23,239.34,0,-6965.5532979318632,1,0.75,1,13.4354,233.503,6.09153,0.579934,0.537824,-0.204541,-0.404083,-0.453223,0.361849,3.53908,0.235592,-0.141295,0.228385,0.0166265,0.240903,0.0635953,0.162747,0.136797,0.0486023,NA,NA,NA,NA,NA,NA,NA,NA,NA,NA,NA,NA,NA,NA,NA,NA,NA,NA,NA,NA,NA,NA,NA,NA,NA,NA,NA,NA,NA,NA,NA,NA,NA,NA,NA,NA,NA,NA,NA,NA,NA,NA,NA,NA,NA,NA,NA,NA,NA,NA
50,1,1,0,1,0,0,0,0,0,0,0,0,3.3,NA,FOCE_I,0:14:22,704.22,0,-7077.0079093981149,1,0.75,1,13.4544,213.38,6.66225,0.641435,0.576046,-0.171635,-0.552242,-0.51667,0.373877,2.39002,0.222715,-0.144475,0.170665,0.0264381,0.244365,0.0433031,0.162741,0.147388,0.0468953,NA,NA,NA,NA,NA,NA,NA,NA,NA,NA,NA,NA,NA,NA,NA,NA,NA,NA,NA,NA,NA,NA,NA,NA,NA,NA,NA,NA,NA,NA,NA,NA,NA,NA,NA,NA,NA,NA,NA,NA,NA,NA,NA,NA,NA,NA,NA,NA,NA,NA
51,1,1,0,1,0,0,0,0,0,0,1,0,3.3,NA,FOCE_I,0:07:22,299.63,0,-7403.0953123352883,1,0.75,1,13.1203,218.339,6.54897,0.628072,0.673464,-0.0585761,-0.373182,-0.36556,0.670196,3.45021,0.280246,-0.150335,0.179572,0.0320837,0.272433,0.0489037,0.129387,0.119847,0.0452229,NA,NA,NA,NA,NA,NA,NA,NA,NA,NA,NA,NA,NA,NA,NA,NA,NA,NA,NA,NA,NA,NA,NA,NA,NA,NA,NA,NA,NA,NA,NA,NA,NA,NA,NA,NA,NA,NA,NA,NA,NA,NA,NA,NA,NA,NA,NA,NA,NA,NA
52,1,1,0,1,0,0,0,0,0,0,0,0,3.5,NA,FOCE_I,0:16:18,837.12,0,-7115.2094539145473,1,0.75,1,13.3241,212.776,6.31447,0.604752,0.558819,-0.236412,-0.453277,-0.466624,0.326334,3.49394,0.252247,-0.139151,0.28449,0.0226082,0.274856,0.0588941,0.121467,0.164004,0.0465069,NA,NA,NA,NA,NA,NA,NA,NA,NA,NA,NA,NA,NA,NA,NA,NA,NA,NA,NA,NA,NA,NA,NA,NA,NA,NA,NA,NA,NA,NA,NA,NA,NA,NA,NA,NA,NA,NA,NA,NA,NA,NA,NA,NA,NA,NA,NA,NA,NA,NA
53,1,1,0,1,0,0,0,0,0,0,0,0,3,NA,FOCE_I,0:17:02,901.19,0,-7497.7060084556160,1,0.75,1,12.8577,203.631,6.53864,0.64358,0.482891,-0.162775,-0.568441,-0.441184,0.45787,1.92105,0.278809,-0.144245,0.069996,0.0316097,0.244584,0.0447397,0.143661,0.150368,0.0435134,NA,NA,NA,NA,NA,NA,NA,NA,NA,NA,NA,NA,NA,NA,NA,NA,NA,NA,NA,NA,NA,NA,NA,NA,NA,NA,NA,NA,NA,NA,NA,NA,NA,NA,NA,NA,NA,NA,NA,NA,NA,NA,NA,NA,NA,NA,NA,NA,NA,NA
54,1,1,0,1,0,0,0,0,0,0,0,0,3.7,NA,FOCE_I,0:15:31,695.95,0,-7195.4774479829848,1,0.75,1,13.008,211.724,6.39687,0.617393,1.57018,-0.237631,-0.502195,-0.23462,0.354246,2.95766,0.299608,-0.136999,0.244321,0.0187879,0.233477,0.0526664,0.144939,0.120109,0.0478084,NA,NA,NA,NA,NA,NA,NA,NA,NA,NA,NA,NA,NA,NA,NA,NA,NA,NA,NA,NA,NA,NA,NA,NA,NA,NA,NA,NA,NA,NA,NA,NA,NA,NA,NA,NA,NA,NA,NA,NA,NA,NA,NA,NA,NA,NA,NA,NA,NA,NA
55,1,1,0,1,0,0,0,0,0,0,0,0,3.3,NA,FOCE_I,0:16:02,627.84,0,-7276.1577683121086,1,0.75,1,13.1553,215.567,6.28984,0.611609,0.614204,-0.239415,-0.502633,-0.505867,0.315384,2.27298,0.251796,-0.14063,0.233119,0.0290828,0.243806,0.0643035,0.137425,0.142699,0.044539,NA,NA,NA,NA,NA,NA,NA,NA,NA,NA,NA,NA,NA,NA,NA,NA,NA,NA,NA,NA,NA,NA,NA,NA,NA,NA,NA,NA,NA,NA,NA,NA,NA,NA,NA,NA,NA,NA,NA,NA,NA,NA,NA,NA,NA,NA,NA,NA,NA,NA
56,1,1,0,1,0,0,0,0,0,0,0,0,3.8,NA,FOCE_I,0:09:18,222.52,0,-7575.6063123178556,1,0.75,1,13.1618,211.383,6.36266,0.624045,0.763704,-0.167173,-0.437379,-0.40201,0.381467,3.98509,0.238118,-0.137878,0.180874,0.0282825,0.204632,0.0581693,0.145838,0.137468,0.0430628,NA,NA,NA,NA,NA,NA,NA,NA,NA,NA,NA,NA,NA,NA,NA,NA,NA,NA,NA,NA,NA,NA,NA,NA,NA,NA,NA,NA,NA,NA,NA,NA,NA,NA,NA,NA,NA,NA,NA,NA,NA,NA,NA,NA,NA,NA,NA,NA,NA,NA
57,1,1,0,0,0,0,0,1,0,0,1,0,NA,NA,FOCE_I,0:10:59,312.62,0,-7325.1479397704879,1,0.75,1,12.7373,210.618,6.65123,0.608632,0.742323,-0.223677,-0.510842,-0.433443,0.39876,2.5899,0.291429,-0.152694,0.264516,0.0246086,0.273338,0.0479435,0.161104,0.166742,0.0430126,NA,NA,NA,NA,NA,NA,NA,NA,NA,NA,NA,NA,NA,NA,NA,NA,NA,NA,NA,NA,NA,NA,NA,NA,NA,NA,NA,NA,NA,NA,NA,NA,NA,NA,NA,NA,NA,NA,NA,NA,NA,NA,NA,NA,NA,NA,NA,NA,NA,NA
58,1,1,0,1,0,0,0,0,0,0,0,0,3.2,NA,FOCE_I,0:17:42,729.57,0,-7361.0853984486048,1,0.75,1,12.8229,198.549,6.60945,0.634441,1.10213,-0.303205,-0.503208,-0.371075,0.0940073,2.11174,0.246419,-0.141339,0.30416,0.0243568,0.231084,0.0590646,0.11099,0.156522,0.0446349,NA,NA,NA,NA,NA,NA,NA,NA,NA,NA,NA,NA,NA,NA,NA,NA,NA,NA,NA,NA,NA,NA,NA,NA,NA,NA,NA,NA,NA,NA,NA,NA,NA,NA,NA,NA,NA,NA,NA,NA,NA,NA,NA,NA,NA,NA,NA,NA,NA,NA
59,1,1,0,1,0,0,0,0,0,0,0,0,3.4,NA,FOCE_I,0:09:59,248.1,0,-7541.8489037375184,1,0.75,1,13.4161,212.626,6.36945,0.602878,0.71276,-0.104477,-0.558796,-0.455253,0.462555,2.28871,0.24779,-0.155296,0.292411,0.0259017,0.240922,0.0397493,0.160818,0.14906,0.0430127,NA,NA,NA,NA,NA,NA,NA,NA,NA,NA,NA,NA,NA,NA,NA,NA,NA,NA,NA,NA,NA,NA,NA,NA,NA,NA,NA,NA,NA,NA,NA,NA,NA,NA,NA,NA,NA,NA,NA,NA,NA,NA,NA,NA,NA,NA,NA,NA,NA,NA
60,1,1,0,1,0,0,0,0,0,0,0,0,3.8,NA,FOCE_I,0:18:01,719.39,0,-7498.8337140052809,1,0.75,1,12.9074,203.628,6.45165,0.614344,0.544475,-0.240663,-0.48696,-0.583697,0.42585,2.96938,0.255697,-0.147715,0.176792,0.0293106,0.26479,0.0314273,0.128096,0.15302,0.0427121,NA,NA,NA,NA,NA,NA,NA,NA,NA,NA,NA,NA,NA,NA,NA,NA,NA,NA,NA,NA,NA,NA,NA,NA,NA,NA,NA,NA,NA,NA,NA,NA,NA,NA,NA,NA,NA,NA,NA,NA,NA,NA,NA,NA,NA,NA,NA,NA,NA,NA
61,1,1,0,1,0,0,0,0,0,0,0,0,3.9,NA,FOCE_I,0:16:15,623.42,0,-7294.8391239574830,1,0.75,1,12.7813,212.291,6.39988,0.646524,0.988121,-0.170001,-0.485427,-0.302534,0.249678,2.47426,0.271715,-0.137729,0.246403,0.0326202,0.233412,0.0470477,0.157755,0.121593,0.0434446,NA,NA,NA,NA,NA,NA,NA,NA,NA,NA,NA,NA,NA,NA,NA,NA,NA,NA,NA,NA,NA,NA,NA,NA,NA,NA,NA,NA,NA,NA,NA,NA,NA,NA,NA,NA,NA,NA,NA,NA,NA,NA,NA,NA,NA,NA,NA,NA,NA,NA
62,1,1,0,0,0,0,0,1,0,0,0,0,2.9,NA,FOCE_I,0:11:12,323.8,0,-7295.4515788198805,1,0.75,1,13.6479,225.359,6.3468,0.616981,0.849316,-0.220096,-0.472452,-0.47679,0.501325,2.98722,0.268198,-0.145483,0.092517,0.0201552,0.232951,0.0366029,0.151187,0.149417,0.0460442,NA,NA,NA,NA,NA,NA,NA,NA,NA,NA,NA,NA,NA,NA,NA,NA,NA,NA,NA,NA,NA,NA,NA,NA,NA,NA,NA,NA,NA,NA,NA,NA,NA,NA,NA,NA,NA,NA,NA,NA,NA,NA,NA,NA,NA,NA,NA,NA,NA,NA
63,1,1,0,0,0,0,0,1,0,0,0,0,NA,NA,FOCE_I,0:08:37,247.2,0,-7153.7431173593041,1,0.75,1,12.6563,206.953,6.22335,0.611469,0.398852,-0.301165,-0.40342,-0.447861,0.146354,3.38528,0.274997,-0.14627,0.191118,0.0239864,0.257804,0.0240926,0.162268,0.13825,0.0468765,NA,NA,NA,NA,NA,NA,NA,NA,NA,NA,NA,NA,NA,NA,NA,NA,NA,NA,NA,NA,NA,NA,NA,NA,NA,NA,NA,NA,NA,NA,NA,NA,NA,NA,NA,NA,NA,NA,NA,NA,NA,NA,NA,NA,NA,NA,NA,NA,NA,NA
64,1,1,0,1,0,0,0,0,0,0,0,0,3,NA,FOCE_I,0:09:23,250.23,0,-7325.7763571768837,1,0.75,1,13.0336,216.152,6.5225,0.627339,0.874663,-0.296991,-0.548778,-0.387495,0.175321,2.21959,0.239915,-0.161455,0.233775,0.0285081,0.251839,0.067908,0.12837,0.14732,0.0440508,NA,NA,NA,NA,NA,NA,NA,NA,NA,NA,NA,NA,NA,NA,NA,NA,NA,NA,NA,NA,NA,NA,NA,NA,NA,NA,NA,NA,NA,NA,NA,NA,NA,NA,NA,NA,NA,NA,NA,NA,NA,NA,NA,NA,NA,NA,NA,NA,NA,NA
65,1,1,0,1,0,0,0,0,0,0,0,0,3.7,NA,FOCE_I,0:20:12,885.88,0,-7572.5778373996218,1,0.75,1,13.2658,211.59,6.39214,0.615569,0.49218,-0.198397,-0.503464,-0.479084,0.373252,2.89173,0.241099,-0.145038,0.223907,0.0298517,0.283073,0.0471331,0.166138,0.143738,0.0406616,NA,NA,NA,NA,NA,NA,NA,NA,NA,NA,NA,NA,NA,NA,NA,NA,NA,NA,NA,NA,NA,NA,NA,NA,NA,NA,NA,NA,NA,NA,NA,NA,NA,NA,NA,NA,NA,NA,NA,NA,NA,NA,NA,NA,NA,NA,NA,NA,NA,NA
66,1,1,0,0,0,0,0,1,0,0,0,0,2.4,NA,FOCE_I,0:09:12,271.15,0,-7635.2745912862774,1,0.75,1,13.3647,218.103,6.31951,0.586013,0.61165,-0.265956,-0.599174,-0.469958,0.220236,2.28402,0.236459,-0.136524,0.208126,0.0224962,0.222206,0.06581,0.145914,0.13928,0.0426248,NA,NA,NA,NA,NA,NA,NA,NA,NA,NA,NA,NA,NA,NA,NA,NA,NA,NA,NA,NA,NA,NA,NA,NA,NA,NA,NA,NA,NA,NA,NA,NA,NA,NA,NA,NA,NA,NA,NA,NA,NA,NA,NA,NA,NA,NA,NA,NA,NA,NA
67,1,1,0,1,0,0,0,0,0,0,0,0,3.4,NA,FOCE_I,0:16:58,764.74,0,-7741.3530953042737,1,0.75,1,13.1869,209.386,6.43032,0.622363,0.265273,-0.218789,-0.553647,-0.58251,0.269499,2.8799,0.207583,-0.143845,0.267839,0.0275889,0.227929,0.053624,0.144338,0.161876,0.041548,NA,NA,NA,NA,NA,NA,NA,NA,NA,NA,NA,NA,NA,NA,NA,NA,NA,NA,NA,NA,NA,NA,NA,NA,NA,NA,NA,NA,NA,NA,NA,NA,NA,NA,NA,NA,NA,NA,NA,NA,NA,NA,NA,NA,NA,NA,NA,NA,NA,NA
68,1,1,0,1,0,0,0,0,0,0,0,0,3.5,NA,FOCE_I,0:08:28,254.18,0,-7236.2579302152099,1,0.75,1,13.5686,223.611,6.47387,0.622221,1.13185,-0.170084,-0.555215,-0.125544,0.447483,3.1012,0.266815,-0.157016,0.353505,0.0250094,0.264685,0.0361777,0.14772,0.154897,0.0451573,NA,NA,NA,NA,NA,NA,NA,NA,NA,NA,NA,NA,NA,NA,NA,NA,NA,NA,NA,NA,NA,NA,NA,NA,NA,NA,NA,NA,NA,NA,NA,NA,NA,NA,NA,NA,NA,NA,NA,NA,NA,NA,NA,NA,NA,NA,NA,NA,NA,NA
69,1,1,0,1,0,0,0,0,0,0,1,0,3.3,NA,FOCE_I,0:23:22,1124.98,0,-7173.5320620242819,1,0.75,1,12.8125,220.57,6.27015,0.631248,0.856963,-0.212492,-0.43961,-0.315259,0.368894,3.3943,0.272562,-0.140246,0.250119,0.0296054,0.261407,0.0412097,0.158255,0.156952,0.0436212,NA,NA,NA,NA,NA,NA,NA,NA,NA,NA,NA,NA,NA,NA,NA,NA,NA,NA,NA,NA,NA,NA,NA,NA,NA,NA,NA,NA,NA,NA,NA,NA,NA,NA,NA,NA,NA,NA,NA,NA,NA,NA,NA,NA,NA,NA,NA,NA,NA,NA
70,1,1,0,0,0,0,0,1,0,0,1,0,1.6,NA,FOCE_I,0:24:44,1181.46,0,-7293.5588002688537,1,0.75,1,13.2222,213.949,6.40754,0.607418,0.820844,-0.20749,-0.499514,-0.328671,0.419793,2.73969,0.227901,-0.136631,0.186889,0.0322455,0.303662,0.0266001,0.196241,0.150271,0.0427637,NA,NA,NA,NA,NA,NA,NA,NA,NA,NA,NA,NA,NA,NA,NA,NA,NA,NA,NA,NA,NA,NA,NA,NA,NA,NA,NA,NA,NA,NA,NA,NA,NA,NA,NA,NA,NA,NA,NA,NA,NA,NA,NA,NA,NA,NA,NA,NA,NA,NA
71,1,1,0,1,0,0,0,0,0,0,0,0,3.2,NA,FOCE_I,0:19:39,871.01,0,-7359.8291429135579,1,0.75,1,13.6849,222.191,6.50172,0.616702,0.751912,-0.256184,-0.444324,-0.476156,0.386485,3.41644,0.261799,-0.137471,0.366296,0.0302704,0.266216,0.0495472,0.154914,0.148265,0.0427611,NA,NA,NA,NA,NA,NA,NA,NA,NA,NA,NA,NA,NA,NA,NA,NA,NA,NA,NA,NA,NA,NA,NA,NA,NA,NA,NA,NA,NA,NA,NA,NA,NA,NA,NA,NA,NA,NA,NA,NA,NA,NA,NA,NA,NA,NA,NA,NA,NA,NA
72,1,1,0,1,0,0,0,0,0,0,0,0,3.4,NA,FOCE_I,0:16:06,668.74,0,-7439.9468350253574,1,0.75,1,13.1832,220.495,6.4433,0.620403,0.828777,-0.228187,-0.420629,-0.504175,0.283963,3.45179,0.258111,-0.126093,0.273676,0.0171161,0.24278,0.0390359,0.195667,0.131294,0.0455876,NA,NA,NA,NA,NA,NA,NA,NA,NA,NA,NA,NA,NA,NA,NA,NA,NA,NA,NA,NA,NA,NA,NA,NA,NA,NA,NA,NA,NA,NA,NA,NA,NA,NA,NA,NA,NA,NA,NA,NA,NA,NA,NA,NA,NA,NA,NA,NA,NA,NA
73,1,1,0,1,0,0,0,0,0,0,0,0,3.9,NA,FOCE_I,0:08:11,221.33,0,-7195.6506094203623,1,0.75,1,13.7475,217.733,6.62091,0.646838,0.402324,-0.206802,-0.460481,-0.567527,0.465152,2.74139,0.266791,-0.142406,0.415098,0.0278227,0.313748,0.0224028,0.158617,0.133417,0.0446435,NA,NA,NA,NA,NA,NA,NA,NA,NA,NA,NA,NA,NA,NA,NA,NA,NA,NA,NA,NA,NA,NA,NA,NA,NA,NA,NA,NA,NA,NA,NA,NA,NA,NA,NA,NA,NA,NA,NA,NA,NA,NA,NA,NA,NA,NA,NA,NA,NA,NA
74,1,1,0,0,0,0,0,1,0,0,0,0,3,NA,FOCE_I,0:20:32,973.73,0,-7668.7154508298045,1,0.75,1,13.3366,218.57,6.50631,0.635216,0.557448,-0.175585,-0.437275,-0.459151,0.409571,3.67148,0.248506,-0.129494,0.203177,0.0320637,0.212956,0.050843,0.152698,0.135578,0.0427888,NA,NA,NA,NA,NA,NA,NA,NA,NA,NA,NA,NA,NA,NA,NA,NA,NA,NA,NA,NA,NA,NA,NA,NA,NA,NA,NA,NA,NA,NA,NA,NA,NA,NA,NA,NA,NA,NA,NA,NA,NA,NA,NA,NA,NA,NA,NA,NA,NA,NA
75,1,1,0,1,0,0,0,0,0,0,0,0,3.3,NA,FOCE_I,0:07:52,270.59,0,-7249.7754096415265,1,0.75,1,12.8725,216.683,6.36585,0.623844,0.712246,-0.154445,-0.452907,-0.478785,0.329502,3.95658,0.255291,-0.140456,0.294565,0.027061,0.31056,0.00636332,0.178809,0.142394,0.0448738,NA,NA,NA,NA,NA,NA,NA,NA,NA,NA,NA,NA,NA,NA,NA,NA,NA,NA,NA,NA,NA,NA,NA,NA,NA,NA,NA,NA,NA,NA,NA,NA,NA,NA,NA,NA,NA,NA,NA,NA,NA,NA,NA,NA,NA,NA,NA,NA,NA,NA
76,1,1,0,0,0,0,0,1,0,0,3,0,3,NA,FOCE_I,0:24:08,1216.61,0,-7400.8122494225709,1,0.75,1,13.4471,214.361,6.52978,0.644363,0.472912,-0.236872,-0.498391,-0.474823,0.349811,2.88163,0.253754,-0.146534,0.258902,0.0330039,0.254015,0.0589005,0.149245,0.126615,0.0429041,NA,NA,NA,NA,NA,NA,NA,NA,NA,NA,NA,NA,NA,NA,NA,NA,NA,NA,NA,NA,NA,NA,NA,NA,NA,NA,NA,NA,NA,NA,NA,NA,NA,NA,NA,NA,NA,NA,NA,NA,NA,NA,NA,NA,NA,NA,NA,NA,NA,NA
77,1,1,0,0,0,0,0,1,0,0,7,0,2.4,NA,FOCE_I,0:30:16,1607.5,0,-7206.7892191435594,1,0.75,1,12.9443,221.437,6.42726,0.59054,1.51667,-0.216816,-0.499029,-0.00329457,0.273439,3.59008,0.270859,-0.136267,0.242148,0.0282078,0.237748,0.040113,0.160909,0.155212,0.0461396,NA,NA,NA,NA,NA,NA,NA,NA,NA,NA,NA,NA,NA,NA,NA,NA,NA,NA,NA,NA,NA,NA,NA,NA,NA,NA,NA,NA,NA,NA,NA,NA,NA,NA,NA,NA,NA,NA,NA,NA,NA,NA,NA,NA,NA,NA,NA,NA,NA,NA
78,1,1,0,1,0,0,0,0,0,0,0,0,3.4,NA,FOCE_I,0:17:07,811.79,0,-7453.6737196456124,1,0.75,1,13.3224,216.286,6.62125,0.640052,0.660962,-0.246514,-0.457454,-0.581119,0.281831,2.35151,0.27956,-0.137988,0.281791,0.0323365,0.268729,0.0331514,0.190188,0.142678,0.04281,NA,NA,NA,NA,NA,NA,NA,NA,NA,NA,NA,NA,NA,NA,NA,NA,NA,NA,NA,NA,NA,NA,NA,NA,NA,NA,NA,NA,NA,NA,NA,NA,NA,NA,NA,NA,NA,NA,NA,NA,NA,NA,NA,NA,NA,NA,NA,NA,NA,NA
79,1,1,0,1,0,0,0,0,0,0,0,0,3.2,NA,FOCE_I,0:08:29,250.02,0,-7812.6427301387394,1,0.75,1,13.6314,222.995,6.54348,0.593749,0.63094,-0.218869,-0.549133,-0.219543,0.565878,2.31643,0.246043,-0.148027,0.279213,0.0391417,0.263066,0.0606607,0.125983,0.166068,0.0384656,NA,NA,NA,NA,NA,NA,NA,NA,NA,NA,NA,NA,NA,NA,NA,NA,NA,NA,NA,NA,NA,NA,NA,NA,NA,NA,NA,NA,NA,NA,NA,NA,NA,NA,NA,NA,NA,NA,NA,NA,NA,NA,NA,NA,NA,NA,NA,NA,NA,NA
80,1,1,0,1,0,0,0,0,0,0,0,0,3.4,NA,FOCE_I,0:07:57,228.52,0,-7412.2172477823333,1,0.75,1,13.3988,223.181,6.47549,0.604025,0.346346,-0.281064,-0.490006,-0.632742,0.237576,2.91307,0.274259,-0.15007,0.264354,0.0256743,0.230731,0.049596,0.160264,0.138989,0.0452048,NA,NA,NA,NA,NA,NA,NA,NA,NA,NA,NA,NA,NA,NA,NA,NA,NA,NA,NA,NA,NA,NA,NA,NA,NA,NA,NA,NA,NA,NA,NA,NA,NA,NA,NA,NA,NA,NA,NA,NA,NA,NA,NA,NA,NA,NA,NA,NA,NA,NA
81,1,1,0,1,0,0,0,0,0,0,0,0,3.3,NA,FOCE_I,0:08:05,253.8,0,-7750.9857081489945,1,0.75,1,13.4354,211.873,6.40172,0.607861,0.914678,-0.175063,-0.538824,-0.384689,0.324937,2.47545,0.216966,-0.14496,0.122316,0.026751,0.227922,0.0361628,0.16101,0.1313,0.0422708,NA,NA,NA,NA,NA,NA,NA,NA,NA,NA,NA,NA,NA,NA,NA,NA,NA,NA,NA,NA,NA,NA,NA,NA,NA,NA,NA,NA,NA,NA,NA,NA,NA,NA,NA,NA,NA,NA,NA,NA,NA,NA,NA,NA,NA,NA,NA,NA,NA,NA
82,1,1,0,0,0,0,0,1,0,0,1,0,NA,NA,FOCE_I,0:20:46,1011.6,0,-7276.7181001500594,1,0.75,1,13.3709,218.597,6.17027,0.608068,0.918159,-0.229794,-0.460537,-0.367921,0.266211,3.77636,0.235811,-0.156746,0.309556,0.0213519,0.252765,0.0455219,0.178081,0.136032,0.0463322,NA,NA,NA,NA,NA,NA,NA,NA,NA,NA,NA,NA,NA,NA,NA,NA,NA,NA,NA,NA,NA,NA,NA,NA,NA,NA,NA,NA,NA,NA,NA,NA,NA,NA,NA,NA,NA,NA,NA,NA,NA,NA,NA,NA,NA,NA,NA,NA,NA,NA
83,1,1,0,0,0,0,0,1,0,0,0,0,NA,NA,FOCE_I,0:17:42,842.76,0,-7175.0304690931971,1,0.75,1,13.1019,205.61,6.53875,0.605569,0.804209,-0.233058,-0.528294,-0.332454,0.458212,2.76724,0.242989,-0.136981,0.293084,0.0347618,0.265859,0.0258533,0.194947,0.136493,0.043289,NA,NA,NA,NA,NA,NA,NA,NA,NA,NA,NA,NA,NA,NA,NA,NA,NA,NA,NA,NA,NA,NA,NA,NA,NA,NA,NA,NA,NA,NA,NA,NA,NA,NA,NA,NA,NA,NA,NA,NA,NA,NA,NA,NA,NA,NA,NA,NA,NA,NA
84,1,1,0,1,0,0,0,0,0,0,0,0,3.2,NA,FOCE_I,0:07:26,227.55,0,-7574.9906075519284,1,0.75,1,13.2085,213.111,6.33285,0.600754,1.00323,-0.272583,-0.583545,-0.215331,0.291534,2.36448,0.281399,-0.148682,0.333168,0.0191788,0.276447,0.0455461,0.132204,0.144317,0.0434671,NA,NA,NA,NA,NA,NA,NA,NA,NA,NA,NA,NA,NA,NA,NA,NA,NA,NA,NA,NA,NA,NA,NA,NA,NA,NA,NA,NA,NA,NA,NA,NA,NA,NA,NA,NA,NA,NA,NA,NA,NA,NA,NA,NA,NA,NA,NA,NA,NA,NA
85,1,1,0,1,0,0,0,0,0,0,1,0,3.5,NA,FOCE_I,0:17:48,815.58,0,-7557.9993229493975,1,0.75,1,13.2685,221.137,6.42911,0.614121,0.328746,-0.145002,-0.541513,-0.495874,0.528957,3.51758,0.256402,-0.154094,0.379751,0.0221302,0.299574,0.031104,0.19828,0.116861,0.0423099,NA,NA,NA,NA,NA,NA,NA,NA,NA,NA,NA,NA,NA,NA,NA,NA,NA,NA,NA,NA,NA,NA,NA,NA,NA,NA,NA,NA,NA,NA,NA,NA,NA,NA,NA,NA,NA,NA,NA,NA,NA,NA,NA,NA,NA,NA,NA,NA,NA,NA
86,1,1,0,0,0,0,0,1,0,0,1,0,2.7,NA,FOCE_I,0:10:36,382.09,0,-7287.3074839967539,1,0.75,1,12.8962,208.935,6.44853,0.592613,0.494145,-0.276798,-0.482686,-0.495883,0.200327,2.38775,0.276599,-0.13182,0.158344,0.0388749,0.281326,0.0431825,0.151013,0.149335,0.0434087,NA,NA,NA,NA,NA,NA,NA,NA,NA,NA,NA,NA,NA,NA,NA,NA,NA,NA,NA,NA,NA,NA,NA,NA,NA,NA,NA,NA,NA,NA,NA,NA,NA,NA,NA,NA,NA,NA,NA,NA,NA,NA,NA,NA,NA,NA,NA,NA,NA,NA
87,1,1,0,1,0,0,0,0,0,0,1,0,3.2,NA,FOCE_I,0:19:11,911.95,0,-7307.1541084482396,1,0.75,1,12.6586,213.778,6.4682,0.618878,0.978115,-0.178884,-0.499863,-0.256923,0.551499,2.61948,0.270984,-0.161568,0.19582,0.0334356,0.216661,0.0693129,0.107217,0.134983,0.0439394,NA,NA,NA,NA,NA,NA,NA,NA,NA,NA,NA,NA,NA,NA,NA,NA,NA,NA,NA,NA,NA,NA,NA,NA,NA,NA,NA,NA,NA,NA,NA,NA,NA,NA,NA,NA,NA,NA,NA,NA,NA,NA,NA,NA,NA,NA,NA,NA,NA,NA
88,1,1,0,1,0,0,0,0,0,0,0,0,3.8,NA,FOCE_I,0:07:44,231.82,0,-7790.8300794182351,1,0.75,1,13.1482,218.441,6.2053,0.575436,0.606629,-0.184575,-0.486197,-0.400762,0.484093,2.84488,0.257821,-0.140871,0.141416,0.0251301,0.254862,0.0434248,0.153484,0.145219,0.0405681,NA,NA,NA,NA,NA,NA,NA,NA,NA,NA,NA,NA,NA,NA,NA,NA,NA,NA,NA,NA,NA,NA,NA,NA,NA,NA,NA,NA,NA,NA,NA,NA,NA,NA,NA,NA,NA,NA,NA,NA,NA,NA,NA,NA,NA,NA,NA,NA,NA,NA
89,1,1,0,0,0,0,0,1,0,0,1,0,2.5,NA,FOCE_I,0:11:36,413,0,-7325.3831846475714,1,0.75,1,12.6046,197.725,6.46077,0.61528,1.12663,-0.285462,-0.532029,-0.37447,0.120772,2.39963,0.245613,-0.13798,0.205285,0.0284971,0.229692,0.0671875,0.168822,0.140093,0.0431246,NA,NA,NA,NA,NA,NA,NA,NA,NA,NA,NA,NA,NA,NA,NA,NA,NA,NA,NA,NA,NA,NA,NA,NA,NA,NA,NA,NA,NA,NA,NA,NA,NA,NA,NA,NA,NA,NA,NA,NA,NA,NA,NA,NA,NA,NA,NA,NA,NA,NA
90,1,1,0,1,0,0,0,0,0,0,0,0,3.2,NA,FOCE_I,0:17:04,746.07,0,-6977.4092133731137,1,0.75,1,13.563,221.292,6.34116,0.615657,0.656079,-0.266024,-0.387464,-0.44529,0.251369,3.72755,0.256837,-0.114408,0.160225,0.0244704,0.243152,0.0519833,0.190381,0.160571,0.0460186,NA,NA,NA,NA,NA,NA,NA,NA,NA,NA,NA,NA,NA,NA,NA,NA,NA,NA,NA,NA,NA,NA,NA,NA,NA,NA,NA,NA,NA,NA,NA,NA,NA,NA,NA,NA,NA,NA,NA,NA,NA,NA,NA,NA,NA,NA,NA,NA,NA,NA
91,1,1,0,1,0,0,0,0,0,0,0,0,4.1,NA,FOCE_I,0:16:26,679.52,0,-7770.7776506157779,1,0.75,1,13.1896,212.953,6.32067,0.642372,0.715189,-0.25462,-0.480608,-0.481501,0.301061,3.02786,0.304336,-0.140016,0.193631,0.0192519,0.244756,0.0474927,0.137633,0.143006,0.0429456,NA,NA,NA,NA,NA,NA,NA,NA,NA,NA,NA,NA,NA,NA,NA,NA,NA,NA,NA,NA,NA,NA,NA,NA,NA,NA,NA,NA,NA,NA,NA,NA,NA,NA,NA,NA,NA,NA,NA,NA,NA,NA,NA,NA,NA,NA,NA,NA,NA,NA
92,1,1,0,1,0,0,0,0,0,0,0,0,3.2,NA,FOCE_I,0:16:28,685.37,0,-7356.3427823880465,1,0.75,1,13.8158,215.875,6.59458,0.645615,0.598072,-0.235019,-0.657157,-0.445505,0.381855,1.64311,0.230324,-0.151812,0.378873,0.0278381,0.274376,0.0523239,0.125875,0.169303,0.0444877,NA,NA,NA,NA,NA,NA,NA,NA,NA,NA,NA,NA,NA,NA,NA,NA,NA,NA,NA,NA,NA,NA,NA,NA,NA,NA,NA,NA,NA,NA,NA,NA,NA,NA,NA,NA,NA,NA,NA,NA,NA,NA,NA,NA,NA,NA,NA,NA,NA,NA
93,1,1,0,1,0,0,0,0,0,0,0,0,3.8,NA,FOCE_I,0:16:01,706.83,0,-7144.2504786216605,1,0.75,1,13.2572,229.042,6.08441,0.574409,1.05912,-0.167996,-0.454117,-0.339708,0.33671,2.50267,0.257038,-0.149453,0.287657,0.0238376,0.251958,0.0606618,0.14993,0.148603,0.0453169,NA,NA,NA,NA,NA,NA,NA,NA,NA,NA,NA,NA,NA,NA,NA,NA,NA,NA,NA,NA,NA,NA,NA,NA,NA,NA,NA,NA,NA,NA,NA,NA,NA,NA,NA,NA,NA,NA,NA,NA,NA,NA,NA,NA,NA,NA,NA,NA,NA,NA
94,1,1,0,1,0,0,0,0,0,0,0,0,3.1,NA,FOCE_I,0:07:49,229.38,0,-7450.9923463699251,1,0.75,1,13.2593,226.203,6.2007,0.597806,0.656229,-0.137289,-0.536317,-0.382994,0.420738,2.85319,0.282674,-0.146449,0.247017,0.0189421,0.248033,0.0484212,0.13385,0.127793,0.0455709,NA,NA,NA,NA,NA,NA,NA,NA,NA,NA,NA,NA,NA,NA,NA,NA,NA,NA,NA,NA,NA,NA,NA,NA,NA,NA,NA,NA,NA,NA,NA,NA,NA,NA,NA,NA,NA,NA,NA,NA,NA,NA,NA,NA,NA,NA,NA,NA,NA,NA
95,1,1,0,1,0,0,0,0,0,0,0,0,3.7,NA,FOCE_I,0:08:01,232.57,0,-7269.4682241843639,1,0.75,1,13.2552,212.89,6.49818,0.586869,1.1377,-0.240984,-0.390086,-0.384483,0.233849,3.79168,0.222193,-0.136594,0.262645,0.0221893,0.246917,0.0429255,0.144955,0.116208,0.0458795,NA,NA,NA,NA,NA,NA,NA,NA,NA,NA,NA,NA,NA,NA,NA,NA,NA,NA,NA,NA,NA,NA,NA,NA,NA,NA,NA,NA,NA,NA,NA,NA,NA,NA,NA,NA,NA,NA,NA,NA,NA,NA,NA,NA,NA,NA,NA,NA,NA,NA
96,1,1,0,1,0,0,0,0,0,0,0,0,3.8,NA,FOCE_I,0:07:46,244.21,0,-7793.5505175938815,1,0.75,1,13.3288,209.389,6.66224,0.630576,1.01953,-0.206489,-0.56887,-0.342747,0.361303,2.58629,0.258714,-0.145164,0.302771,0.0315239,0.256805,0.0374296,0.136457,0.14522,0.0408754,NA,NA,NA,NA,NA,NA,NA,NA,NA,NA,NA,NA,NA,NA,NA,NA,NA,NA,NA,NA,NA,NA,NA,NA,NA,NA,NA,NA,NA,NA,NA,NA,NA,NA,NA,NA,NA,NA,NA,NA,NA,NA,NA,NA,NA,NA,NA,NA,NA,NA
97,1,1,0,1,0,0,0,0,0,0,0,0,3.4,NA,FOCE_I,0:07:37,216.75,0,-7472.1737630539310,1,0.75,1,13.0416,217.56,6.35574,0.603924,0.706876,-0.150412,-0.507319,-0.354799,0.521494,2.84867,0.243653,-0.14533,0.102061,0.0321645,0.240861,0.0638089,0.18423,0.133089,0.0413278,NA,NA,NA,NA,NA,NA,NA,NA,NA,NA,NA,NA,NA,NA,NA,NA,NA,NA,NA,NA,NA,NA,NA,NA,NA,NA,NA,NA,NA,NA,NA,NA,NA,NA,NA,NA,NA,NA,NA,NA,NA,NA,NA,NA,NA,NA,NA,NA,NA,NA
98,1,1,0,1,0,0,0,0,0,0,0,0,3.7,NA,FOCE_I,0:08:26,220.44,0,-7346.5260085628124,1,0.75,1,13.8377,222.759,6.59961,0.636213,0.671465,-0.277034,-0.610966,-0.356462,0.258733,2.1932,0.262198,-0.152921,0.206982,0.0296788,0.219513,0.0582372,0.11842,0.153299,0.0446685,NA,NA,NA,NA,NA,NA,NA,NA,NA,NA,NA,NA,NA,NA,NA,NA,NA,NA,NA,NA,NA,NA,NA,NA,NA,NA,NA,NA,NA,NA,NA,NA,NA,NA,NA,NA,NA,NA,NA,NA,NA,NA,NA,NA,NA,NA,NA,NA,NA,NA
99,1,1,0,1,0,0,0,0,0,0,1,0,3.6,NA,FOCE_I,0:14:57,642.58,0,-7466.9457620042540,1,0.75,1,12.8598,216.617,6.28344,0.596274,0.660901,-0.139343,-0.537042,-0.440564,0.392276,2.80471,0.275305,-0.131928,0.110357,0.0279264,0.197524,0.0679145,0.147626,0.155742,0.0430341,NA,NA,NA,NA,NA,NA,NA,NA,NA,NA,NA,NA,NA,NA,NA,NA,NA,NA,NA,NA,NA,NA,NA,NA,NA,NA,NA,NA,NA,NA,NA,NA,NA,NA,NA,NA,NA,NA,NA,NA,NA,NA,NA,NA,NA,NA,NA,NA,NA,NA
100,1,1,0,1,0,0,0,0,0,0,0,0,3.3,NA,FOCE_I,0:14:10,607.34,0,-7172.8450195459582,1,0.75,1,13.2992,219.065,6.51464,0.628852,0.810651,-0.203794,-0.62574,-0.304624,0.492526,2.14435,0.291396,-0.153673,0.246529,0.0281154,0.242354,0.0560078,0.162982,0.164402,0.0448672,NA,NA,NA,NA,NA,NA,NA,NA,NA,NA,NA,NA,NA,NA,NA,NA,NA,NA,NA,NA,NA,NA,NA,NA,NA,NA,NA,NA,NA,NA,NA,NA,NA,NA,NA,NA,NA,NA,NA,NA,NA,NA,NA,NA,NA,NA,NA,NA,NA,NA
