"model","problem","subproblem","covariance_step_run","minimization_successful","covariance_step_successful","covariance_step_warnings","estimate_near_boundary","rounding_errors","zero_gradients","final_zero_gradients","hessian_reset","s_matrix_singular","significant_digits","condition_number","est_methods","model_run_time","subprob_est_time","subprob_cov_time","ofv","1. TVFREL","2. WT coef on TVCL","3. WT coef on TVV","4. TVCL","5. TVV","6. TVMAT","7 TVD1","GENO2=1 on CL","GENO3=1 on CL","GENO4=1 on CL","CLFOOD1","FRELFORM1","FRELGENO41","TV_AGE","TV_AST","TV_BILI","TV_CRCL","TV_BMI","TV_HT","TV_ALT","TV_SEX","TV_RACEL2","TV_ETHNIC","TV_NCIL","1. IIV on RUV","2. D1","2. IIV on FREL","OMEGA(4,3)","3. IIV on CL","OMEGA(5,3)","OMEGA(5,4)","4. IIV on V","OMEGA(6,3)","OMEGA(6,4)","OMEGA(6,5)","5. IIV on MAT","OMEGA(7,3)","OMEGA(7,4)","OMEGA(7,5)","OMEGA(7,6)","BSV_AGE","OMEGA(8,3)","OMEGA(8,4)","OMEGA(8,5)","OMEGA(8,6)","OMEGA(8,7)","BSV_AST","OMEGA(9,3)","OMEGA(9,4)","OMEGA(9,5)","OMEGA(9,6)","OMEGA(9,7)","OMEGA(9,8)","BSV_BILI","OMEGA(10,3)","OMEGA(10,4)","OMEGA(10,5)","OMEGA(10,6)","OMEGA(10,7)","OMEGA(10,8)","OMEGA(10,9)","BSV_CRCL","OMEGA(11,3)","OMEGA(11,4)","OMEGA(11,5)","OMEGA(11,6)","OMEGA(11,7)","OMEGA(11,8)","OMEGA(11,9)","OMEGA(11,10)","BSV_BMI","OMEGA(12,3)","OMEGA(12,4)","OMEGA(12,5)","OMEGA(12,6)","OMEGA(12,7)","OMEGA(12,8)","OMEGA(12,9)","OMEGA(12,10)","OMEGA(12,11)","BSV_HT","OMEGA(13,3)","OMEGA(13,4)","OMEGA(13,5)","OMEGA(13,6)","OMEGA(13,7)","OMEGA(13,8)","OMEGA(13,9)","OMEGA(13,10)","OMEGA(13,11)","OMEGA(13,12)","BSV_ALT","OMEGA(14,3)","OMEGA(14,4)","OMEGA(14,5)","OMEGA(14,6)","OMEGA(14,7)","OMEGA(14,8)","OMEGA(14,9)","OMEGA(14,10)","OMEGA(14,11)","OMEGA(14,12)","OMEGA(14,13)","BSV_SEX","OMEGA(15,3)","OMEGA(15,4)","OMEGA(15,5)","OMEGA(15,6)","OMEGA(15,7)","OMEGA(15,8)","OMEGA(15,9)","OMEGA(15,10)","OMEGA(15,11)","OMEGA(15,12)","OMEGA(15,13)","OMEGA(15,14)","BSV_RACEL2","OMEGA(16,3)","OMEGA(16,4)","OMEGA(16,5)","OMEGA(16,6)","OMEGA(16,7)","OMEGA(16,8)","OMEGA(16,9)","OMEGA(16,10)","OMEGA(16,11)","OMEGA(16,12)","OMEGA(16,13)","OMEGA(16,14)","OMEGA(16,15)","BSV_ETHNIC","OMEGA(17,3)","OMEGA(17,4)","OMEGA(17,5)","OMEGA(17,6)","OMEGA(17,7)","OMEGA(17,8)","OMEGA(17,9)","OMEGA(17,10)","OMEGA(17,11)","OMEGA(17,12)","OMEGA(17,13)","OMEGA(17,14)","OMEGA(17,15)","OMEGA(17,16)","BSV_NCIL","1. RUV","EPSCOV","se1. TVFREL","se2. WT coef on TVCL","se3. WT coef on TVV","se4. TVCL","se5. TVV","se6. TVMAT","se7 TVD1","seGENO2=1 on CL","seGENO3=1 on CL","seGENO4=1 on CL","seCLFOOD1","seFRELFORM1","seFRELGENO41","seTV_AGE","seTV_AST","seTV_BILI","seTV_CRCL","seTV_BMI","seTV_HT","seTV_ALT","seTV_SEX","seTV_RACEL2","seTV_ETHNIC","seTV_NCIL","se1. IIV on RUV","se2. D1","se2. IIV on FREL","seOMEGA(4,3)","se3. IIV on CL","seOMEGA(5,3)","seOMEGA(5,4)","se4. IIV on V","seOMEGA(6,3)","seOMEGA(6,4)","seOMEGA(6,5)","se5. IIV on MAT","seOMEGA(7,3)","seOMEGA(7,4)","seOMEGA(7,5)","seOMEGA(7,6)","seBSV_AGE","seOMEGA(8,3)","seOMEGA(8,4)","seOMEGA(8,5)","seOMEGA(8,6)","seOMEGA(8,7)","seBSV_AST","seOMEGA(9,3)","seOMEGA(9,4)","seOMEGA(9,5)","seOMEGA(9,6)","seOMEGA(9,7)","seOMEGA(9,8)","seBSV_BILI","seOMEGA(10,3)","seOMEGA(10,4)","seOMEGA(10,5)","seOMEGA(10,6)","seOMEGA(10,7)","seOMEGA(10,8)","seOMEGA(10,9)","seBSV_CRCL","seOMEGA(11,3)","seOMEGA(11,4)","seOMEGA(11,5)","seOMEGA(11,6)","seOMEGA(11,7)","seOMEGA(11,8)","seOMEGA(11,9)","seOMEGA(11,10)","seBSV_BMI","seOMEGA(12,3)","seOMEGA(12,4)","seOMEGA(12,5)","seOMEGA(12,6)","seOMEGA(12,7)","seOMEGA(12,8)","seOMEGA(12,9)","seOMEGA(12,10)","seOMEGA(12,11)","seBSV_HT","seOMEGA(13,3)","seOMEGA(13,4)","seOMEGA(13,5)","seOMEGA(13,6)","seOMEGA(13,7)","seOMEGA(13,8)","seOMEGA(13,9)","seOMEGA(13,10)","seOMEGA(13,11)","seOMEGA(13,12)","seBSV_ALT","seOMEGA(14,3)","seOMEGA(14,4)","seOMEGA(14,5)","seOMEGA(14,6)","seOMEGA(14,7)","seOMEGA(14,8)","seOMEGA(14,9)","seOMEGA(14,10)","seOMEGA(14,11)","seOMEGA(14,12)","seOMEGA(14,13)","seBSV_SEX","seOMEGA(15,3)","seOMEGA(15,4)","seOMEGA(15,5)","seOMEGA(15,6)","seOMEGA(15,7)","seOMEGA(15,8)","seOMEGA(15,9)","seOMEGA(15,10)","seOMEGA(15,11)","seOMEGA(15,12)","seOMEGA(15,13)","seOMEGA(15,14)","seBSV_RACEL2","seOMEGA(16,3)","seOMEGA(16,4)","seOMEGA(16,5)","seOMEGA(16,6)","seOMEGA(16,7)","seOMEGA(16,8)","seOMEGA(16,9)","seOMEGA(16,10)","seOMEGA(16,11)","seOMEGA(16,12)","seOMEGA(16,13)","seOMEGA(16,14)","seOMEGA(16,15)","seBSV_ETHNIC","seOMEGA(17,3)","seOMEGA(17,4)","seOMEGA(17,5)","seOMEGA(17,6)","seOMEGA(17,7)","seOMEGA(17,8)","seOMEGA(17,9)","seOMEGA(17,10)","seOMEGA(17,11)","seOMEGA(17,12)","seOMEGA(17,13)","seOMEGA(17,14)","seOMEGA(17,15)","seOMEGA(17,16)","seBSV_NCIL","se1. RUV","seEPSCOV","shrinkage_eta1(%)","shrinkage_eta2(%)","shrinkage_eta3(%)","shrinkage_eta4(%)","shrinkage_eta5(%)","shrinkage_eta6(%)","shrinkage_eta7(%)","shrinkage_eta8(%)","shrinkage_eta9(%)","shrinkage_eta10(%)","shrinkage_eta11(%)","shrinkage_eta12(%)","shrinkage_eta13(%)","shrinkage_eta14(%)","shrinkage_eta15(%)","shrinkage_eta16(%)","shrinkage_eta17(%)","shrinkage_iwres(%)","EI1","EI2","EI3","EI4","EI5","EI6","EI7","EI8","EI9","EI10","EI11","EI12","EI13","EI14","EI15","EI16","EI17","EI18","EI19","EI20","EI21","EI22","EI23","EI24","EI25","EI26","EI27","EI28","EI29","EI30","EI31","EI32","EI33","EI34","EI35","EI36","EI37","EI38","EI39","EI40","EI41","EI42","EI43","EI44","EI45","EI46","EI47","EI48","EI49","EI50","EI51","EI52","EI53","EI54","EI55","EI56","EI57","EI58","EI59","EI60","EI61","EI62","EI63","EI64","EI65","EI66","EI67","EI68","EI69","EI70","EI71","EI72","EI73","EI74","EI75","EI76","EI77","EI78","EI79","EI80","EI81","EI82","EI83","EI84","EI85","EI86","EI87","EI88","EI89","EI90","EI91","EI92","EI93","EI94","EI95","EI96","EI97","EI98","EI99","EI100","EI101","EI102","EI103","EI104","EI105","EI106","EI107","EI108","EI109","EI110","EI111","EI112","EI113","EI114","EI115","EI116","EI117","EI118","EI119","EI120","EI121","EI122","EI123","EI124","EI125","EI126","EI127","EI128","EI129","EI130","EI131","EI132","EI133","EI134","EI135","EI136","EI137","EI138","EI139","EI140","EI141","EI142","EI143","EI144","EI145","EI146","EI147","EI148"
0,1,1,1,1,1,0,0,0,NA,NA,NA,0,NA,44117000000,IMPMAP_I,0:23:21,726.92,655.72,16532.831021475871,1,0.75,1,12.7561,205.549,6.53209,0.616942,1.34002,-0.326686,-0.540174,0.243362,-0.143911,2.58642,44.1829,25.0475,9.8802,118.735,30.2742,169.216,27.1583,1.44743,0.200716,0.436744,0.147968,0.0816568,0.0001,0.538516,0.273066,0.310013,0.147009,0.121134,0.136493,-0.0224853,0.00507532,0.0268355,0.146822,0.627498,0.287823,0.489769,-0.107228,171.085,0.412429,0.117019,0.244787,0.258274,16.6783,113.205,0.0625844,-0.200466,-0.048146,-0.17667,-8.4038,-2.96931,26.4757,3.56889,3.05306,3.94983,0.996364,-119.834,-10.5478,-9.19652,592.341,0.920913,0.669671,0.999938,0.174833,21.4572,5.11797,-6.07846,79.8047,39.8441,3.63636,2.98573,3.28974,-0.0450118,-1.19769,2.03673,4.4709,53.5264,-0.519565,104.085,1.04068,0.451448,0.758529,0.566344,15.0461,129.559,0.557565,23.0129,13.1751,9.41755,230.087,-0.163279,-0.125151,-0.115985,-0.00475579,-0.260292,-0.655345,-0.370504,-0.12507,-0.133353,-3.30567,-1.27733,0.247426,0.0118495,0.0130912,0.0170331,-0.00164026,-1.12389,-0.108767,0.105191,0.283481,-0.0167254,0.563874,-0.767387,0.00184644,0.160722,-0.0512053,-0.0415151,-0.0533804,0.0120128,-0.960237,-0.152764,-0.00893051,-0.147289,-0.445577,-1.30431,0.736762,0.00348946,-0.0780328,0.246281,0.0252312,-0.00439738,0.00759743,0.000411354,-0.0792659,1.08531,1.1194,0.131843,0.0130135,0.20057,2.3468,-0.0204167,-0.00206399,0.00598724,0.12641,0.0427463,1e-07,0,0,0,0.593051,6.12807,0.154271,0.0326235,0.271722,0.094378,0.078679,0.0471516,0.0212333,0.571527,0.732822,0.437695,0.191477,2.33805,0.687182,2.3129,0.745003,0.0913843,0.0181355,0.0406991,0.0150631,0.0133517,0,0.435032,0.500114,0.56167,0.244397,0.291497,0.0482196,0.030105,0.0395176,0.0819699,0.0200809,3.49919,3.66062,4.95325,0.693176,7.75017,3.45865,3.38769,2.2094,0.88599,4.17781,24.4117,0.611072,0.602063,0.570119,0.115166,2.27799,1.94235,2.61058,1.80419,1.84511,3.2603,1.61375,12.0246,8.3996,4.65422,23.507,0.67004,0.684543,0.860936,0.162597,2.93172,2.48103,1.31429,5.81767,2.52198,0.834025,0.891274,1.39279,0.458639,5.07103,3.4492,2.17807,9.16541,2.48673,5.34157,3.39063,3.40363,2.61174,0.679755,5.7924,29.9889,2.65958,12.9445,3.80119,5.17754,39.7355,0.116291,0.117404,0.097487,0.0156303,0.251568,0.196897,0.0937565,0.465533,0.117993,0.153234,0.277535,0.00479975,0.0780324,0.0788184,0.0800348,0.0111313,0.209352,0.146446,0.0787813,0.357856,0.0926675,0.15429,0.226961,0.00752644,0.00976523,0.0523881,0.0611466,0.0636638,0.0179228,0.267495,0.206664,0.0965535,0.454507,0.114503,0.183228,0.294499,0.00928542,0.006992,0.00241756,0.0580734,0.0557179,0.0437125,0.0162439,0.159142,0.268938,0.127993,0.336224,0.0911981,0.134541,0.40814,0.00642746,0.00530872,0.00667568,0.0093887,0.00180802,0,NA,NA,NA,NA,NA,NA,NA,NA,NA,NA,NA,NA,NA,NA,NA,NA,NA,NA,1.23697e-09,1.33331e-09,5.03885e-09,8.21608e-06,1.79216e-05,4.95714e-05,8.15343e-05,0.000121095,0.000182351,0.000242077,0.00028732,0.000455591,0.00055101,0.000622986,0.000853967,0.00100307,0.00109599,0.00126805,0.00167766,0.00213209,0.00249443,0.00265736,0.00361409,0.00382202,0.00451518,0.00463494,0.00565057,0.00602116,0.0074948,0.00878816,0.00939246,0.00993176,0.0108463,0.0111334,0.0125693,0.0129405,0.0146203,0.0160126,0.0175219,0.0184495,0.0189995,0.0211748,0.0219523,0.0240185,0.0262035,0.0281987,0.0299342,0.0341958,0.035064,0.0376857,0.0387186,0.0432942,0.0471446,0.049046,0.0539942,0.0570388,0.0655897,0.0681134,0.0726359,0.0740288,0.0793466,0.0853891,0.0893882,0.0975131,0.103414,0.104392,0.107788,0.108435,0.119996,0.123707,0.129285,0.12969,0.139247,0.14657,0.152166,0.160058,0.166827,0.167435,0.179232,0.188664,0.207239,0.210949,0.214249,0.214865,0.241671,0.2485,0.255586,0.264167,0.274162,0.28325,0.299653,0.305494,0.325994,0.330948,0.359309,0.374537,0.389353,0.404858,0.419572,0.439806,0.450032,0.472105,0.486521,0.500888,0.528406,0.565346,0.582381,0.613769,0.631188,0.661318,0.723715,0.74074,0.794975,0.830739,0.912434,0.937428,0.996232,1.09295,1.13519,1.17608,1.28851,1.32099,1.34409,1.41734,1.47587,1.55297,1.71144,1.90133,1.94342,2.14166,2.26872,2.33127,2.45456,2.74928,2.89211,3.13292,3.35288,3.53823,4.25874,4.83224,6.34174,9.66226,54.5715,NA,NA,NA,NA,NA
1,1,1,0,1,0,0,0,0,NA,NA,NA,0,NA,NA,IMPMAP_I,0:06:57,385.62,0,16432.234996214247,1,0.75,1,12.4228,203.11,6.56477,0.616844,1.25385,-0.350854,-0.65029,0.299244,-0.13677,1.5018,45.1801,24.8781,10.0199,117.216,29.838,169.267,27.0572,1.46809,0.196745,0.422837,0.149975,0.0939675,0.0001,0.525584,0.274524,0.324179,0.124817,0.110726,0.13284,-0.0369949,-0.00616749,0.0272751,0.13702,0.696159,1.03,0.613597,-0.0172084,163.606,0.92148,0.570842,0.241221,0.243329,16.5305,79.2926,0.350779,0.0322485,0.0662878,-0.190216,-8.96576,-0.0520519,27.9217,2.15268,1.67883,3.79669,1.0409,-96.4343,-9.55479,-6.29955,586.494,0.626714,0.424585,0.919293,0.196983,24.0803,4.82853,-5.14049,73.4637,35.0747,3.11687,2.80888,3.22924,-0.00779608,-0.333514,1.55022,7.20561,53.8164,0.393113,101.474,1.56811,0.893193,0.724677,0.6657,15.6981,92.6662,6.05712,34.9754,14.3229,6.30551,186.851,-0.182759,-0.142114,-0.115586,-0.0131203,-0.17402,-0.45797,-0.541024,0.108856,-0.086332,-3.27683,-0.897622,0.249065,-0.00389324,-0.00309566,0.0140406,-0.0050598,-1.17721,0.115595,0.00823607,0.0364767,-0.00587376,0.538716,-0.471837,0.00986688,0.158213,-0.0808206,-0.0745749,-0.0588547,0.00896212,-1.15169,-0.320787,-0.0648111,-0.0524614,-0.589482,-1.32579,0.505894,0.0110306,-0.0690556,0.24411,0.0444193,0.00816437,0.0129728,-0.00107095,-0.209809,0.879397,1.26194,0.411415,0.0116296,0.362249,2.14416,-0.02854,-0.00892965,0.00569226,0.128358,0.0416473,1e-07,NA,NA,NA,NA,NA,NA,NA,NA,NA,NA,NA,NA,NA,NA,NA,NA,NA,NA,NA,NA,NA,NA,NA,NA,NA,NA,NA,NA,NA,NA,NA,NA,NA,NA,NA,NA,NA,NA,NA,NA,NA,NA,NA,NA,NA,NA,NA,NA,NA,NA,NA,NA,NA,NA,NA,NA,NA,NA,NA,NA,NA,NA,NA,NA,NA,NA,NA,NA,NA,NA,NA,NA,NA,NA,NA,NA,NA,NA,NA,NA,NA,NA,NA,NA,NA,NA,NA,NA,NA,NA,NA,NA,NA,NA,NA,NA,NA,NA,NA,NA,NA,NA,NA,NA,NA,NA,NA,NA,NA,NA,NA,NA,NA,NA,NA,NA,NA,NA,NA,NA,NA,NA,NA,NA,NA,NA,NA,NA,NA,NA,NA,NA,NA,NA,NA,NA,NA,NA,NA,NA,NA,NA,NA,NA,NA,NA,NA,NA,NA,NA,NA,NA,NA,NA,NA,NA,NA,NA,NA,NA,NA,NA,NA,NA,NA,NA,NA,NA,NA,NA,NA,NA,NA,NA,NA,NA,NA,NA,NA,NA,NA,NA,NA,NA,NA,NA,NA,NA,NA,NA,NA,NA,NA,NA,NA,NA,NA,NA,NA,NA,NA,NA,NA,NA,NA,NA,NA,NA,NA,NA,NA,NA,NA,NA,NA,NA,NA,NA,NA,NA,NA,NA,NA,NA,NA,NA,NA,NA,NA,NA,NA,NA,NA,NA,NA,NA,NA,NA,NA,NA,NA,NA,NA,NA,NA,NA,NA,NA,NA,NA,NA,NA,NA,NA,NA,NA,NA,NA,NA,NA,NA,NA,NA,NA,NA,NA,NA,NA,NA,NA,NA,NA,NA,NA,NA,NA,NA,NA,NA,NA,NA,NA,NA,NA,NA,NA,NA,NA,NA,NA,NA,NA,NA,NA,NA,NA,NA,NA,NA,NA,NA,NA,NA,NA,NA,NA,NA,NA,NA,NA,NA,NA,NA,NA
2,1,1,0,1,0,0,0,0,NA,NA,NA,0,NA,NA,IMPMAP_I,0:38:05,2256.11,0,16241.178199037933,1,0.75,1,12.9839,203.383,6.34224,0.616779,1.18809,-0.370542,-0.668684,0.215864,-0.128738,1.80327,44.4333,25.8441,9.88595,118.495,30.3825,169.028,28.1863,1.43413,0.176233,0.454709,0.170103,0.0812735,0.0001,0.550077,0.277148,0.313529,0.142083,0.111134,0.135512,-0.0215768,0.000364041,0.0208418,0.141073,0.389743,-0.331981,0.63842,-0.449404,180.625,0.265867,0.0182261,0.162517,0.0294385,18.0971,115.806,0.240032,-0.0203435,0.0735817,-0.0490815,-8.16867,-1.49344,25.1566,4.36048,3.72983,4.26917,1.48061,-117.628,-5.1558,-3.74201,609.579,0.995493,0.554044,0.971079,0.0943528,27.2689,7.18128,-5.5286,77.4508,42.1683,3.36328,2.75688,3.30808,-0.124253,2.01158,-1.0952,6.8007,60.8388,-2.75762,106.787,1.43054,0.467649,0.784577,0.78445,14.1297,138.808,0.425093,47.1955,18.6771,4.113,254.869,-0.148854,-0.113125,-0.114655,0.00308081,-0.134232,-0.611847,-0.466684,-0.912804,-0.151809,-3.29703,-1.13745,0.245715,0.00993722,0.0109371,0.00982815,-0.00913645,-1.08724,-0.129041,0.0777825,-0.197426,-0.0743355,0.39594,-0.961707,0.000198232,0.145479,-0.0376117,-0.0352989,-0.0510983,0.02425,-1.01184,-0.291376,-0.0278456,-0.218016,-0.341446,-1.38155,0.528302,-0.00590336,-0.0732677,0.248245,0.0493717,0.00863536,0.0148168,0.00349196,0.0765093,1.31938,1.11289,0.475847,0.152226,0.280523,2.842,-0.0293895,-0.0148761,0.014098,0.141848,0.0407271,1e-07,NA,NA,NA,NA,NA,NA,NA,NA,NA,NA,NA,NA,NA,NA,NA,NA,NA,NA,NA,NA,NA,NA,NA,NA,NA,NA,NA,NA,NA,NA,NA,NA,NA,NA,NA,NA,NA,NA,NA,NA,NA,NA,NA,NA,NA,NA,NA,NA,NA,NA,NA,NA,NA,NA,NA,NA,NA,NA,NA,NA,NA,NA,NA,NA,NA,NA,NA,NA,NA,NA,NA,NA,NA,NA,NA,NA,NA,NA,NA,NA,NA,NA,NA,NA,NA,NA,NA,NA,NA,NA,NA,NA,NA,NA,NA,NA,NA,NA,NA,NA,NA,NA,NA,NA,NA,NA,NA,NA,NA,NA,NA,NA,NA,NA,NA,NA,NA,NA,NA,NA,NA,NA,NA,NA,NA,NA,NA,NA,NA,NA,NA,NA,NA,NA,NA,NA,NA,NA,NA,NA,NA,NA,NA,NA,NA,NA,NA,NA,NA,NA,NA,NA,NA,NA,NA,NA,NA,NA,NA,NA,NA,NA,NA,NA,NA,NA,NA,NA,NA,NA,NA,NA,NA,NA,NA,NA,NA,NA,NA,NA,NA,NA,NA,NA,NA,NA,NA,NA,NA,NA,NA,NA,NA,NA,NA,NA,NA,NA,NA,NA,NA,NA,NA,NA,NA,NA,NA,NA,NA,NA,NA,NA,NA,NA,NA,NA,NA,NA,NA,NA,NA,NA,NA,NA,NA,NA,NA,NA,NA,NA,NA,NA,NA,NA,NA,NA,NA,NA,NA,NA,NA,NA,NA,NA,NA,NA,NA,NA,NA,NA,NA,NA,NA,NA,NA,NA,NA,NA,NA,NA,NA,NA,NA,NA,NA,NA,NA,NA,NA,NA,NA,NA,NA,NA,NA,NA,NA,NA,NA,NA,NA,NA,NA,NA,NA,NA,NA,NA,NA,NA,NA,NA,NA,NA,NA,NA,NA,NA,NA,NA,NA,NA,NA,NA,NA,NA,NA,NA,NA,NA,NA,NA,NA,NA
3,1,1,0,1,0,0,0,0,NA,NA,NA,0,NA,NA,IMPMAP_I,0:07:16,406.9,0,16683.700222574276,1,0.75,1,13.2674,199.043,6.26979,0.616815,0.974465,-0.372833,-0.593055,0.211859,-0.138487,2.2551,44.5376,25.346,9.94176,117.654,30.0392,168.619,26.739,1.44519,0.182275,0.432096,0.132979,0.0832011,0.0001,0.534103,0.275732,0.302876,0.163543,0.124066,0.137624,-0.000635438,0.00692192,0.0306231,0.156698,0.543662,0.193786,0.732019,-0.312701,184.864,0.189868,0.199968,0.187604,0.276047,11.5899,98.7552,-0.0546258,-0.320586,-0.0824786,-0.0312254,-8.54905,-1.78073,26.6074,4.15356,2.94702,3.74693,0.852365,-117.851,-15.0132,-13.2214,560.878,1.34902,0.946868,0.969463,0.185665,24.0722,4.19677,-7.42515,77.1245,37.7299,3.69083,2.82062,3.30054,0.0132106,5.54881,1.24804,4.29651,48.8862,-0.328939,103.539,0.437343,0.25372,0.602891,0.594007,10.7511,99.2904,0.91986,13.3895,10.0038,7.52908,183.983,-0.181602,-0.142628,-0.118834,-0.0118298,-0.210554,-0.661606,-0.261876,-0.734652,-0.157581,-3.31172,-1.19745,0.246952,0.00925491,0.00815366,0.0157081,-0.00667693,-1.13572,-0.133963,0.126867,0.241544,-0.036691,0.563274,-0.870098,0.00172102,0.149362,-0.0724211,-0.0587609,-0.0617436,-0.00177889,-1.50943,-0.22231,-0.00233202,0.24126,-0.40407,-1.52889,0.820397,0.00729366,-0.0704484,0.245539,0.00386255,-0.0168387,0.00222173,0.00302971,-0.26248,0.73087,1.13298,-0.187097,-0.130043,0.172036,1.72595,-0.0162699,0.000416294,0.00991644,0.115512,0.0420247,1e-07,NA,NA,NA,NA,NA,NA,NA,NA,NA,NA,NA,NA,NA,NA,NA,NA,NA,NA,NA,NA,NA,NA,NA,NA,NA,NA,NA,NA,NA,NA,NA,NA,NA,NA,NA,NA,NA,NA,NA,NA,NA,NA,NA,NA,NA,NA,NA,NA,NA,NA,NA,NA,NA,NA,NA,NA,NA,NA,NA,NA,NA,NA,NA,NA,NA,NA,NA,NA,NA,NA,NA,NA,NA,NA,NA,NA,NA,NA,NA,NA,NA,NA,NA,NA,NA,NA,NA,NA,NA,NA,NA,NA,NA,NA,NA,NA,NA,NA,NA,NA,NA,NA,NA,NA,NA,NA,NA,NA,NA,NA,NA,NA,NA,NA,NA,NA,NA,NA,NA,NA,NA,NA,NA,NA,NA,NA,NA,NA,NA,NA,NA,NA,NA,NA,NA,NA,NA,NA,NA,NA,NA,NA,NA,NA,NA,NA,NA,NA,NA,NA,NA,NA,NA,NA,NA,NA,NA,NA,NA,NA,NA,NA,NA,NA,NA,NA,NA,NA,NA,NA,NA,NA,NA,NA,NA,NA,NA,NA,NA,NA,NA,NA,NA,NA,NA,NA,NA,NA,NA,NA,NA,NA,NA,NA,NA,NA,NA,NA,NA,NA,NA,NA,NA,NA,NA,NA,NA,NA,NA,NA,NA,NA,NA,NA,NA,NA,NA,NA,NA,NA,NA,NA,NA,NA,NA,NA,NA,NA,NA,NA,NA,NA,NA,NA,NA,NA,NA,NA,NA,NA,NA,NA,NA,NA,NA,NA,NA,NA,NA,NA,NA,NA,NA,NA,NA,NA,NA,NA,NA,NA,NA,NA,NA,NA,NA,NA,NA,NA,NA,NA,NA,NA,NA,NA,NA,NA,NA,NA,NA,NA,NA,NA,NA,NA,NA,NA,NA,NA,NA,NA,NA,NA,NA,NA,NA,NA,NA,NA,NA,NA,NA,NA,NA,NA,NA,NA,NA,NA,NA,NA,NA,NA,NA,NA
4,1,1,0,1,0,0,0,0,NA,NA,NA,0,NA,NA,IMPMAP_I,0:12:37,725.91,0,16266.203724690180,1,0.75,1,13.1059,206.925,6.71467,0.616988,1.01114,-0.338127,-0.669142,0.285446,-0.132417,1.16279,44.0648,24.3889,9.88914,118.334,30.2685,169.346,26.0871,1.42648,0.202126,0.440057,0.144617,0.0753907,0.0001,0.490569,0.253723,0.313035,0.129127,0.118442,0.137904,-0.0220881,0.0161067,0.0188341,0.158769,0.951024,0.54156,0.479286,-0.102509,164.047,1.38063,1.10916,0.466739,0.723654,17.8986,99,0.0625556,-0.286233,-0.10714,-0.0862161,-10.2293,-4.27281,25.9212,2.45241,2.65025,4.0869,0.125334,-105.146,-6.52141,-12.6922,598.674,0.744139,0.749369,0.960106,0.059356,24.4883,3.50706,-7.82815,82.2571,39.8416,3.21945,2.76844,3.41423,-0.282868,-4.86726,6.87391,3.98417,62.899,-1.28717,110.391,1.91842,1.39349,0.748707,0.871075,15.4951,110.596,-0.676554,13.9757,9.78894,9.21977,192.486,-0.15086,-0.130536,-0.111072,-0.00756421,-0.196421,-0.659405,-0.228951,0.411369,0.0515302,-3.2804,-1.16077,0.244568,0.00726466,0.0135434,0.0278151,0.0142118,-0.946549,0.0633063,0.0849227,0.298525,0.0323131,0.801133,-0.463959,0.00212507,0.161559,-0.0438456,-0.0427757,-0.0596358,0.00958565,-1.18644,-0.366785,0.108776,-0.348579,-0.466179,-1.45568,0.488303,0.000622181,-0.0805906,0.246662,0.0268548,-0.00492217,0.00853588,0.0121478,-0.136036,0.957027,1.10993,0.130056,-0.0746224,0.25867,2.10574,-0.0168939,-0.00563092,0.00881214,0.124183,0.042554,1e-07,NA,NA,NA,NA,NA,NA,NA,NA,NA,NA,NA,NA,NA,NA,NA,NA,NA,NA,NA,NA,NA,NA,NA,NA,NA,NA,NA,NA,NA,NA,NA,NA,NA,NA,NA,NA,NA,NA,NA,NA,NA,NA,NA,NA,NA,NA,NA,NA,NA,NA,NA,NA,NA,NA,NA,NA,NA,NA,NA,NA,NA,NA,NA,NA,NA,NA,NA,NA,NA,NA,NA,NA,NA,NA,NA,NA,NA,NA,NA,NA,NA,NA,NA,NA,NA,NA,NA,NA,NA,NA,NA,NA,NA,NA,NA,NA,NA,NA,NA,NA,NA,NA,NA,NA,NA,NA,NA,NA,NA,NA,NA,NA,NA,NA,NA,NA,NA,NA,NA,NA,NA,NA,NA,NA,NA,NA,NA,NA,NA,NA,NA,NA,NA,NA,NA,NA,NA,NA,NA,NA,NA,NA,NA,NA,NA,NA,NA,NA,NA,NA,NA,NA,NA,NA,NA,NA,NA,NA,NA,NA,NA,NA,NA,NA,NA,NA,NA,NA,NA,NA,NA,NA,NA,NA,NA,NA,NA,NA,NA,NA,NA,NA,NA,NA,NA,NA,NA,NA,NA,NA,NA,NA,NA,NA,NA,NA,NA,NA,NA,NA,NA,NA,NA,NA,NA,NA,NA,NA,NA,NA,NA,NA,NA,NA,NA,NA,NA,NA,NA,NA,NA,NA,NA,NA,NA,NA,NA,NA,NA,NA,NA,NA,NA,NA,NA,NA,NA,NA,NA,NA,NA,NA,NA,NA,NA,NA,NA,NA,NA,NA,NA,NA,NA,NA,NA,NA,NA,NA,NA,NA,NA,NA,NA,NA,NA,NA,NA,NA,NA,NA,NA,NA,NA,NA,NA,NA,NA,NA,NA,NA,NA,NA,NA,NA,NA,NA,NA,NA,NA,NA,NA,NA,NA,NA,NA,NA,NA,NA,NA,NA,NA,NA,NA,NA,NA,NA,NA,NA,NA,NA,NA,NA,NA,NA
5,1,1,0,1,0,0,0,0,NA,NA,NA,0,NA,NA,IMPMAP_I,0:06:14,339.79,0,16803.839478037909,1,0.75,1,12.5801,207.318,6.47282,0.616855,1.01535,-0.263092,-0.466848,0.24066,-0.141251,2.99997,43.585,24.8667,9.90958,120.396,30.4756,169.368,27.0041,1.44127,0.194459,0.409312,0.13778,0.0776424,0.0001,0.5654,0.271519,0.30928,0.12929,0.103391,0.137177,-0.0362521,-0.0149101,0.0243371,0.133199,0.874322,0.435004,0.625072,0.0106031,175.838,1.57937,1.12264,0.390205,0.10426,14.8839,101.196,0.0669191,-0.185977,-0.0528279,-0.25804,-6.97448,-4.40986,24.0953,3.16559,2.83843,4.1223,0.624595,-103.806,-0.19593,-8.09815,576.953,0.495132,0.255169,1.04816,0.0593114,23.2152,5.48571,-4.52464,83.1775,40.1246,3.3677,2.77882,3.29082,0.0559258,1.42112,5.99001,3.60497,58.14,1.7925,101.634,1.70124,1.29889,0.861677,0.404303,16.9654,120.856,-3.34976,48.919,21.1196,6.6679,227.572,-0.158794,-0.127368,-0.120827,-0.00520874,-0.09866,-0.696731,-0.331354,-0.902034,-0.241253,-3.3943,-1.04569,0.247463,0.0354812,0.0206455,0.0188083,0.0118608,-1.2422,-0.0714183,0.0851888,-0.0118589,-0.130817,0.618865,-0.880219,-0.00478883,0.156195,-0.0747427,-0.0468276,-0.0568963,0.0024157,-0.874578,-0.149602,0.00409568,-0.290926,-0.462492,-1.34707,0.74262,0.00285022,-0.0741713,0.242527,0.0343562,0.00839035,0.00552599,-0.00171703,0.135227,1.00271,1.00191,0.153563,0.113928,0.0467976,2.21811,-0.0182176,-0.00711348,0.00726134,0.118207,0.04612,1e-07,NA,NA,NA,NA,NA,NA,NA,NA,NA,NA,NA,NA,NA,NA,NA,NA,NA,NA,NA,NA,NA,NA,NA,NA,NA,NA,NA,NA,NA,NA,NA,NA,NA,NA,NA,NA,NA,NA,NA,NA,NA,NA,NA,NA,NA,NA,NA,NA,NA,NA,NA,NA,NA,NA,NA,NA,NA,NA,NA,NA,NA,NA,NA,NA,NA,NA,NA,NA,NA,NA,NA,NA,NA,NA,NA,NA,NA,NA,NA,NA,NA,NA,NA,NA,NA,NA,NA,NA,NA,NA,NA,NA,NA,NA,NA,NA,NA,NA,NA,NA,NA,NA,NA,NA,NA,NA,NA,NA,NA,NA,NA,NA,NA,NA,NA,NA,NA,NA,NA,NA,NA,NA,NA,NA,NA,NA,NA,NA,NA,NA,NA,NA,NA,NA,NA,NA,NA,NA,NA,NA,NA,NA,NA,NA,NA,NA,NA,NA,NA,NA,NA,NA,NA,NA,NA,NA,NA,NA,NA,NA,NA,NA,NA,NA,NA,NA,NA,NA,NA,NA,NA,NA,NA,NA,NA,NA,NA,NA,NA,NA,NA,NA,NA,NA,NA,NA,NA,NA,NA,NA,NA,NA,NA,NA,NA,NA,NA,NA,NA,NA,NA,NA,NA,NA,NA,NA,NA,NA,NA,NA,NA,NA,NA,NA,NA,NA,NA,NA,NA,NA,NA,NA,NA,NA,NA,NA,NA,NA,NA,NA,NA,NA,NA,NA,NA,NA,NA,NA,NA,NA,NA,NA,NA,NA,NA,NA,NA,NA,NA,NA,NA,NA,NA,NA,NA,NA,NA,NA,NA,NA,NA,NA,NA,NA,NA,NA,NA,NA,NA,NA,NA,NA,NA,NA,NA,NA,NA,NA,NA,NA,NA,NA,NA,NA,NA,NA,NA,NA,NA,NA,NA,NA,NA,NA,NA,NA,NA,NA,NA,NA,NA,NA,NA,NA,NA,NA,NA,NA,NA,NA,NA,NA,NA,NA
6,1,1,0,1,0,0,0,0,NA,NA,NA,0,NA,NA,IMPMAP_I,0:28:05,1656.16,0,16956.618588529520,1,0.75,1,12.5805,207.004,6.45388,0.617022,1.14144,-0.294503,-0.658106,0.242369,-0.142036,1.46039,43.8341,25.3912,10.0079,119.343,30.4777,169.382,27.4222,1.43284,0.224157,0.419288,0.148968,0.080502,0.0001,0.605975,0.284018,0.297764,0.164209,0.122722,0.135133,-0.00488734,0.0181161,0.0338124,0.162729,0.175077,0.0340769,0.293283,-0.00632317,157.088,-0.455691,-0.434597,0.198195,0.531641,9.57789,170.057,0.0779801,-0.105531,-0.022241,-0.209419,-11.0144,-1.96127,24.6069,3.6763,2.03295,3.89452,0.899632,-119.791,-7.04236,-2.98717,584.305,0.921074,0.532295,0.995009,-0.0377113,17.3957,2.6143,-4.90387,79.4397,39.3498,4.01139,3.06601,3.19961,0.253687,-4.2524,1.59982,4.58997,53.3762,1.07248,98.0235,0.624468,0.205337,0.883526,1.03877,4.60932,191.245,3.63228,34.9305,13.294,11.4866,303.215,-0.184982,-0.135064,-0.112239,-0.00883346,-0.289566,-0.841223,-0.315755,0.394824,-0.158796,-3.1228,-1.44539,0.246459,0.0211462,0.0244191,0.026118,0.0036612,-1.19258,-0.272363,0.197806,0.637408,0.069294,0.732622,-0.885242,-0.00339228,0.173851,-0.0599784,-0.0506072,-0.0534283,0.00267124,-0.302123,-0.0793206,0.0486297,-0.358181,-0.261149,-1.38557,0.932781,0.00618089,-0.0872804,0.244075,0.0142254,-0.00795205,0.0108435,-0.000168469,-0.554564,1.53534,1.07299,0.765146,0.0699254,0.287383,2.85602,-0.0150396,0.00705684,0.00274026,0.126704,0.0430642,1e-07,NA,NA,NA,NA,NA,NA,NA,NA,NA,NA,NA,NA,NA,NA,NA,NA,NA,NA,NA,NA,NA,NA,NA,NA,NA,NA,NA,NA,NA,NA,NA,NA,NA,NA,NA,NA,NA,NA,NA,NA,NA,NA,NA,NA,NA,NA,NA,NA,NA,NA,NA,NA,NA,NA,NA,NA,NA,NA,NA,NA,NA,NA,NA,NA,NA,NA,NA,NA,NA,NA,NA,NA,NA,NA,NA,NA,NA,NA,NA,NA,NA,NA,NA,NA,NA,NA,NA,NA,NA,NA,NA,NA,NA,NA,NA,NA,NA,NA,NA,NA,NA,NA,NA,NA,NA,NA,NA,NA,NA,NA,NA,NA,NA,NA,NA,NA,NA,NA,NA,NA,NA,NA,NA,NA,NA,NA,NA,NA,NA,NA,NA,NA,NA,NA,NA,NA,NA,NA,NA,NA,NA,NA,NA,NA,NA,NA,NA,NA,NA,NA,NA,NA,NA,NA,NA,NA,NA,NA,NA,NA,NA,NA,NA,NA,NA,NA,NA,NA,NA,NA,NA,NA,NA,NA,NA,NA,NA,NA,NA,NA,NA,NA,NA,NA,NA,NA,NA,NA,NA,NA,NA,NA,NA,NA,NA,NA,NA,NA,NA,NA,NA,NA,NA,NA,NA,NA,NA,NA,NA,NA,NA,NA,NA,NA,NA,NA,NA,NA,NA,NA,NA,NA,NA,NA,NA,NA,NA,NA,NA,NA,NA,NA,NA,NA,NA,NA,NA,NA,NA,NA,NA,NA,NA,NA,NA,NA,NA,NA,NA,NA,NA,NA,NA,NA,NA,NA,NA,NA,NA,NA,NA,NA,NA,NA,NA,NA,NA,NA,NA,NA,NA,NA,NA,NA,NA,NA,NA,NA,NA,NA,NA,NA,NA,NA,NA,NA,NA,NA,NA,NA,NA,NA,NA,NA,NA,NA,NA,NA,NA,NA,NA,NA,NA,NA,NA,NA,NA,NA,NA,NA,NA,NA,NA,NA
7,1,1,0,1,0,0,0,0,NA,NA,NA,0,NA,NA,IMPMAP_I,0:06:42,370.75,0,16674.800415761754,1,0.75,1,12.3014,207.767,6.48028,0.616866,1.37024,-0.334336,-0.462667,0.253691,-0.133042,2.75243,44.6479,25.1442,9.84238,117.592,30.1835,169.739,27.4744,1.41164,0.202189,0.450563,0.135274,0.0688013,0.0001,0.552961,0.25706,0.293675,0.121689,0.103677,0.139836,-0.0317517,-0.0019381,0.0254988,0.139786,0.523346,0.591569,0.543852,-0.167564,190.678,0.673569,0.24211,0.190926,0.227806,17.9449,101.848,0.0612644,-0.3037,-0.0316075,-0.25624,-10.3052,-0.722602,23.726,2.57012,2.80544,4.44947,1.11861,-131.377,-25.1579,-6.73593,650.066,0.806249,0.669476,1.16039,0.366369,24.3289,3.23857,-5.40967,87.2574,41.8683,2.90393,2.41646,3.28087,-0.178062,-0.716818,1.65317,4.77878,61.77,2.37314,102.092,0.987952,0.614814,0.720728,0.320375,20.6995,114.375,5.46961,20.1067,14.2814,8.65035,223.267,-0.164346,-0.116845,-0.116304,-0.00510934,-0.0702608,-0.825116,-0.457628,-0.185644,-0.0203181,-3.40953,-1.24202,0.242496,0.0321854,0.0210966,0.0216211,0.00819532,-1.40646,0.0404568,0.125653,1.05581,0.0778624,0.553294,-0.434306,-0.00510925,0.161559,-0.0589851,-0.0471532,-0.0634946,0.0164411,-0.993687,0.0169771,0.0341156,-0.951498,-0.600436,-1.51484,0.782662,0.0127171,-0.07866,0.247895,0.0107425,-0.0108572,0.00193306,-0.00974574,-0.166069,1.14376,0.988528,0.29577,0.019274,0.0668229,2.61572,-0.0208229,0.000535649,0.0129934,0.117146,0.0458354,1e-07,NA,NA,NA,NA,NA,NA,NA,NA,NA,NA,NA,NA,NA,NA,NA,NA,NA,NA,NA,NA,NA,NA,NA,NA,NA,NA,NA,NA,NA,NA,NA,NA,NA,NA,NA,NA,NA,NA,NA,NA,NA,NA,NA,NA,NA,NA,NA,NA,NA,NA,NA,NA,NA,NA,NA,NA,NA,NA,NA,NA,NA,NA,NA,NA,NA,NA,NA,NA,NA,NA,NA,NA,NA,NA,NA,NA,NA,NA,NA,NA,NA,NA,NA,NA,NA,NA,NA,NA,NA,NA,NA,NA,NA,NA,NA,NA,NA,NA,NA,NA,NA,NA,NA,NA,NA,NA,NA,NA,NA,NA,NA,NA,NA,NA,NA,NA,NA,NA,NA,NA,NA,NA,NA,NA,NA,NA,NA,NA,NA,NA,NA,NA,NA,NA,NA,NA,NA,NA,NA,NA,NA,NA,NA,NA,NA,NA,NA,NA,NA,NA,NA,NA,NA,NA,NA,NA,NA,NA,NA,NA,NA,NA,NA,NA,NA,NA,NA,NA,NA,NA,NA,NA,NA,NA,NA,NA,NA,NA,NA,NA,NA,NA,NA,NA,NA,NA,NA,NA,NA,NA,NA,NA,NA,NA,NA,NA,NA,NA,NA,NA,NA,NA,NA,NA,NA,NA,NA,NA,NA,NA,NA,NA,NA,NA,NA,NA,NA,NA,NA,NA,NA,NA,NA,NA,NA,NA,NA,NA,NA,NA,NA,NA,NA,NA,NA,NA,NA,NA,NA,NA,NA,NA,NA,NA,NA,NA,NA,NA,NA,NA,NA,NA,NA,NA,NA,NA,NA,NA,NA,NA,NA,NA,NA,NA,NA,NA,NA,NA,NA,NA,NA,NA,NA,NA,NA,NA,NA,NA,NA,NA,NA,NA,NA,NA,NA,NA,NA,NA,NA,NA,NA,NA,NA,NA,NA,NA,NA,NA,NA,NA,NA,NA,NA,NA,NA,NA,NA,NA,NA,NA,NA,NA,NA,NA
8,1,1,0,1,0,0,0,0,NA,NA,NA,0,NA,NA,IMPMAP_I,0:06:21,349.21,0,16186.489228459162,1,0.75,1,12.7745,208.803,6.49578,0.6169,1.20501,-0.283513,-0.595276,0.222673,-0.141977,1.92816,44.3601,24.6095,9.73288,120.759,30.8664,169.278,26.8733,1.43449,0.207883,0.412666,0.124225,0.0751549,0.0001,0.592581,0.334854,0.359037,0.147053,0.121953,0.144615,-0.0194757,-0.00458143,0.0187261,0.139407,0.453451,0.184541,0.337391,0.020784,165.529,0.337298,0.273291,0.289205,0.249097,8.66022,122.487,0.061961,-0.124472,0.0752648,-0.105536,-8.75847,0.212696,23.5481,3.29796,2.67433,3.84203,-0.254139,-115.246,-4.05253,-2.01483,559.414,0.574235,0.38079,0.935523,-0.131266,19.2067,4.75967,-6.1704,76.3355,40.9619,3.78418,3.19034,3.64746,-0.0301379,-4.73103,3.8918,8.22827,60.9464,-1.43269,116.165,0.750939,0.651981,0.85256,0.794358,4.5717,143.969,3.65815,35.6955,14.1621,11.1815,249.44,-0.171288,-0.145767,-0.1272,-0.014963,-0.0975495,-0.533124,-0.325798,-0.223514,-0.164273,-3.58798,-0.919728,0.246136,0.0189632,0.0203977,0.0211832,-0.00916478,-0.978211,-0.0636983,0.153226,0.108087,-0.0284285,0.734909,-1.00652,-0.00256539,0.164853,-0.0426616,-0.0290891,-0.0541463,0.0136456,-0.863281,-0.182965,-0.139391,-0.000943626,-0.417866,-1.35635,0.795231,0.0128451,-0.0775301,0.24274,0.0247208,0.00302601,0.0112913,0.00272594,-0.263834,1.22888,0.995103,0.597669,0.0248388,0.327205,2.48121,-0.0121896,-0.00488225,0.0115338,0.108872,0.0435994,1e-07,NA,NA,NA,NA,NA,NA,NA,NA,NA,NA,NA,NA,NA,NA,NA,NA,NA,NA,NA,NA,NA,NA,NA,NA,NA,NA,NA,NA,NA,NA,NA,NA,NA,NA,NA,NA,NA,NA,NA,NA,NA,NA,NA,NA,NA,NA,NA,NA,NA,NA,NA,NA,NA,NA,NA,NA,NA,NA,NA,NA,NA,NA,NA,NA,NA,NA,NA,NA,NA,NA,NA,NA,NA,NA,NA,NA,NA,NA,NA,NA,NA,NA,NA,NA,NA,NA,NA,NA,NA,NA,NA,NA,NA,NA,NA,NA,NA,NA,NA,NA,NA,NA,NA,NA,NA,NA,NA,NA,NA,NA,NA,NA,NA,NA,NA,NA,NA,NA,NA,NA,NA,NA,NA,NA,NA,NA,NA,NA,NA,NA,NA,NA,NA,NA,NA,NA,NA,NA,NA,NA,NA,NA,NA,NA,NA,NA,NA,NA,NA,NA,NA,NA,NA,NA,NA,NA,NA,NA,NA,NA,NA,NA,NA,NA,NA,NA,NA,NA,NA,NA,NA,NA,NA,NA,NA,NA,NA,NA,NA,NA,NA,NA,NA,NA,NA,NA,NA,NA,NA,NA,NA,NA,NA,NA,NA,NA,NA,NA,NA,NA,NA,NA,NA,NA,NA,NA,NA,NA,NA,NA,NA,NA,NA,NA,NA,NA,NA,NA,NA,NA,NA,NA,NA,NA,NA,NA,NA,NA,NA,NA,NA,NA,NA,NA,NA,NA,NA,NA,NA,NA,NA,NA,NA,NA,NA,NA,NA,NA,NA,NA,NA,NA,NA,NA,NA,NA,NA,NA,NA,NA,NA,NA,NA,NA,NA,NA,NA,NA,NA,NA,NA,NA,NA,NA,NA,NA,NA,NA,NA,NA,NA,NA,NA,NA,NA,NA,NA,NA,NA,NA,NA,NA,NA,NA,NA,NA,NA,NA,NA,NA,NA,NA,NA,NA,NA,NA,NA,NA,NA,NA,NA,NA,NA,NA
9,1,1,0,1,0,0,0,0,NA,NA,NA,0,NA,NA,IMPMAP_I,0:31:33,1867.73,0,16123.040515754883,1,0.75,1,12.347,207.142,6.55269,0.616787,1.1327,-0.278786,-0.540253,0.308863,-0.13978,2.38572,44.5633,24.5924,10.1849,118.662,30.5338,169.268,27.1713,1.42313,0.205564,0.435779,0.158685,0.0917814,0.0001,0.519844,0.232073,0.265633,0.137946,0.117683,0.140952,-0.03519,-0.00309749,0.0119957,0.126062,0.263463,0.267244,0.662786,-0.389278,173.293,0.303918,0.324978,0.179851,0.130275,18.1596,78.1093,0.258028,0.029001,-0.0101845,-0.0694745,-6.96287,-3.05572,30.651,3.56603,3.38397,4.26301,0.959686,-118.425,-9.83604,-6.34316,602.879,0.816639,0.758845,1.17547,0.125451,22.2037,6.79078,-5.7782,85.4723,42.6993,3.49806,2.86395,3.39248,-0.3658,5.31814,-0.552962,4.73923,60.0584,3.26343,106.714,0.830239,0.848577,0.621103,0.210206,19.3878,88.7006,1.3623,18.8387,16.6422,3.88238,184.909,-0.161498,-0.125578,-0.117911,0.00197523,-0.680619,-0.47604,-0.446537,-0.190887,-0.344421,-3.24513,-1.14929,0.244478,0.0232447,0.0116786,0.0148898,0.0125039,-1.13516,-0.174271,0.131808,0.296313,-0.00773408,0.399032,-1.0294,0.00539564,0.163506,-0.043227,-0.0335732,-0.0558222,0.0200357,-0.879605,-0.0635071,0.022142,-0.85717,-0.473133,-1.41357,0.816844,0.000263025,-0.07865,0.246226,0.0307753,0.0115643,0.00891712,0.00147324,0.0128256,0.745774,1.33062,0.218421,0.0541628,0.19855,2.04348,-0.021681,-0.0036383,0.00673506,0.133642,0.0399381,1e-07,NA,NA,NA,NA,NA,NA,NA,NA,NA,NA,NA,NA,NA,NA,NA,NA,NA,NA,NA,NA,NA,NA,NA,NA,NA,NA,NA,NA,NA,NA,NA,NA,NA,NA,NA,NA,NA,NA,NA,NA,NA,NA,NA,NA,NA,NA,NA,NA,NA,NA,NA,NA,NA,NA,NA,NA,NA,NA,NA,NA,NA,NA,NA,NA,NA,NA,NA,NA,NA,NA,NA,NA,NA,NA,NA,NA,NA,NA,NA,NA,NA,NA,NA,NA,NA,NA,NA,NA,NA,NA,NA,NA,NA,NA,NA,NA,NA,NA,NA,NA,NA,NA,NA,NA,NA,NA,NA,NA,NA,NA,NA,NA,NA,NA,NA,NA,NA,NA,NA,NA,NA,NA,NA,NA,NA,NA,NA,NA,NA,NA,NA,NA,NA,NA,NA,NA,NA,NA,NA,NA,NA,NA,NA,NA,NA,NA,NA,NA,NA,NA,NA,NA,NA,NA,NA,NA,NA,NA,NA,NA,NA,NA,NA,NA,NA,NA,NA,NA,NA,NA,NA,NA,NA,NA,NA,NA,NA,NA,NA,NA,NA,NA,NA,NA,NA,NA,NA,NA,NA,NA,NA,NA,NA,NA,NA,NA,NA,NA,NA,NA,NA,NA,NA,NA,NA,NA,NA,NA,NA,NA,NA,NA,NA,NA,NA,NA,NA,NA,NA,NA,NA,NA,NA,NA,NA,NA,NA,NA,NA,NA,NA,NA,NA,NA,NA,NA,NA,NA,NA,NA,NA,NA,NA,NA,NA,NA,NA,NA,NA,NA,NA,NA,NA,NA,NA,NA,NA,NA,NA,NA,NA,NA,NA,NA,NA,NA,NA,NA,NA,NA,NA,NA,NA,NA,NA,NA,NA,NA,NA,NA,NA,NA,NA,NA,NA,NA,NA,NA,NA,NA,NA,NA,NA,NA,NA,NA,NA,NA,NA,NA,NA,NA,NA,NA,NA,NA,NA,NA,NA,NA,NA,NA,NA,NA
10,1,1,0,1,0,0,0,0,NA,NA,NA,0,NA,NA,IMPMAP_I,0:05:29,295.02,0,16763.095527196088,1,0.75,1,12.9079,208.186,6.41117,0.616933,1.15075,-0.308413,-0.473266,0.227316,-0.136657,2.99997,43.9034,25.3313,9.73163,118.74,30.5445,169.528,27.058,1.43098,0.227193,0.391423,0.14303,0.0850018,0.0001,0.578237,0.291975,0.304762,0.143858,0.111786,0.138702,-0.000757775,0.0165396,0.0271735,0.164363,1.05014,0.463145,0.583953,0.0199366,167.063,0.452047,0.0929841,0.268358,0.2927,10.301,126.998,0.190252,-0.180868,-0.0209523,-0.208593,-10.495,-5.99223,25.5674,2.35838,1.49654,3.79745,0.638019,-97.6278,5.24104,-11.9571,570.303,0.751546,0.282435,1.10356,0.127577,25.6873,6.76883,-7.19445,85.2155,43.1019,3.56068,2.93214,3.30419,-0.0983273,-2.30802,1.62081,6.35032,48.6238,1.13123,103.932,0.370145,-0.0682746,0.845784,0.724971,9.28227,147.053,-7.42967,51.5123,18.4261,8.69385,253.704,-0.16165,-0.120607,-0.118032,-0.00217418,-0.206673,-0.662991,-0.400775,-0.245547,-0.195867,-3.36697,-0.873717,0.245525,0.00739294,0.0196898,0.0154009,-0.0186112,-1.30727,-0.12902,0.156659,0.0360452,-0.161122,0.709262,-0.961466,-0.00527073,0.175832,-0.0474263,-0.0330281,-0.0470979,0.00408919,-1.0067,-0.165378,-0.0877312,0.191084,-0.478023,-1.0295,0.409474,-0.00299142,-0.072179,0.238521,0.0111036,-0.0136269,0.00812959,-0.00319776,-0.0384992,1.08441,0.981616,0.297043,0.0874468,0.19512,2.28091,-0.0139319,-0.00586402,-0.00549476,0.122765,0.0424335,1e-07,NA,NA,NA,NA,NA,NA,NA,NA,NA,NA,NA,NA,NA,NA,NA,NA,NA,NA,NA,NA,NA,NA,NA,NA,NA,NA,NA,NA,NA,NA,NA,NA,NA,NA,NA,NA,NA,NA,NA,NA,NA,NA,NA,NA,NA,NA,NA,NA,NA,NA,NA,NA,NA,NA,NA,NA,NA,NA,NA,NA,NA,NA,NA,NA,NA,NA,NA,NA,NA,NA,NA,NA,NA,NA,NA,NA,NA,NA,NA,NA,NA,NA,NA,NA,NA,NA,NA,NA,NA,NA,NA,NA,NA,NA,NA,NA,NA,NA,NA,NA,NA,NA,NA,NA,NA,NA,NA,NA,NA,NA,NA,NA,NA,NA,NA,NA,NA,NA,NA,NA,NA,NA,NA,NA,NA,NA,NA,NA,NA,NA,NA,NA,NA,NA,NA,NA,NA,NA,NA,NA,NA,NA,NA,NA,NA,NA,NA,NA,NA,NA,NA,NA,NA,NA,NA,NA,NA,NA,NA,NA,NA,NA,NA,NA,NA,NA,NA,NA,NA,NA,NA,NA,NA,NA,NA,NA,NA,NA,NA,NA,NA,NA,NA,NA,NA,NA,NA,NA,NA,NA,NA,NA,NA,NA,NA,NA,NA,NA,NA,NA,NA,NA,NA,NA,NA,NA,NA,NA,NA,NA,NA,NA,NA,NA,NA,NA,NA,NA,NA,NA,NA,NA,NA,NA,NA,NA,NA,NA,NA,NA,NA,NA,NA,NA,NA,NA,NA,NA,NA,NA,NA,NA,NA,NA,NA,NA,NA,NA,NA,NA,NA,NA,NA,NA,NA,NA,NA,NA,NA,NA,NA,NA,NA,NA,NA,NA,NA,NA,NA,NA,NA,NA,NA,NA,NA,NA,NA,NA,NA,NA,NA,NA,NA,NA,NA,NA,NA,NA,NA,NA,NA,NA,NA,NA,NA,NA,NA,NA,NA,NA,NA,NA,NA,NA,NA,NA,NA,NA,NA,NA,NA,NA,NA,NA
11,1,1,0,1,0,0,0,0,NA,NA,NA,0,NA,NA,IMPMAP_I,0:06:47,375.52,0,16756.261355271985,1,0.75,1,12.756,206.654,6.57016,0.616844,1.15855,-0.325126,-0.608086,0.304741,-0.141064,1.9311,44.136,24.9797,10.0289,118.13,30.3328,169.329,27.6683,1.46114,0.202148,0.424385,0.168142,0.0975191,0.0001,0.547661,0.275178,0.310293,0.13616,0.120512,0.142043,-0.0568737,-0.00745768,0.0282447,0.16619,1.08825,0.715234,0.348808,-0.115452,175.827,0.486913,0.011461,0.0902762,0.241637,11.8312,123.019,0.422571,-0.0405456,0.00593954,-0.228239,-10.2614,-4.21489,28.7967,2.35454,2.61712,4.06421,1.13081,-132.504,-18.9437,-10.431,595.713,0.842895,0.591507,1.01369,0.0958393,23.2389,1.63165,-7.23464,77.4592,41.6745,3.52281,3.0842,3.46621,0.00415811,-7.46565,-0.0401435,7.1254,59.9526,-1.02112,110.255,1.49672,0.270604,0.623613,0.597081,10.3757,148.808,-0.823865,13.825,10.4285,6.54116,259.649,-0.153828,-0.117727,-0.113604,0.0105365,-0.504999,-0.573905,-0.461153,0.318814,-0.196701,-3.26487,-1.38259,0.249856,0.00531743,0.0187053,0.0209365,-0.00772456,-1.37634,-0.192094,0.132938,0.922608,-0.0475321,0.752346,-1.08551,-0.00107838,0.161223,-0.0469228,-0.0588761,-0.0589031,0.00660243,-0.426945,0.0503746,-0.111155,-0.62273,-0.392736,-1.50272,1.10447,0.00551937,-0.0767634,0.245227,0.0477941,0.00176879,0.00873837,-0.000141684,0.00585644,1.14694,1.1973,-0.0981204,-0.099337,0.289197,2.54529,-0.0264646,-0.00807093,0.00200522,0.137388,0.0418144,1e-07,NA,NA,NA,NA,NA,NA,NA,NA,NA,NA,NA,NA,NA,NA,NA,NA,NA,NA,NA,NA,NA,NA,NA,NA,NA,NA,NA,NA,NA,NA,NA,NA,NA,NA,NA,NA,NA,NA,NA,NA,NA,NA,NA,NA,NA,NA,NA,NA,NA,NA,NA,NA,NA,NA,NA,NA,NA,NA,NA,NA,NA,NA,NA,NA,NA,NA,NA,NA,NA,NA,NA,NA,NA,NA,NA,NA,NA,NA,NA,NA,NA,NA,NA,NA,NA,NA,NA,NA,NA,NA,NA,NA,NA,NA,NA,NA,NA,NA,NA,NA,NA,NA,NA,NA,NA,NA,NA,NA,NA,NA,NA,NA,NA,NA,NA,NA,NA,NA,NA,NA,NA,NA,NA,NA,NA,NA,NA,NA,NA,NA,NA,NA,NA,NA,NA,NA,NA,NA,NA,NA,NA,NA,NA,NA,NA,NA,NA,NA,NA,NA,NA,NA,NA,NA,NA,NA,NA,NA,NA,NA,NA,NA,NA,NA,NA,NA,NA,NA,NA,NA,NA,NA,NA,NA,NA,NA,NA,NA,NA,NA,NA,NA,NA,NA,NA,NA,NA,NA,NA,NA,NA,NA,NA,NA,NA,NA,NA,NA,NA,NA,NA,NA,NA,NA,NA,NA,NA,NA,NA,NA,NA,NA,NA,NA,NA,NA,NA,NA,NA,NA,NA,NA,NA,NA,NA,NA,NA,NA,NA,NA,NA,NA,NA,NA,NA,NA,NA,NA,NA,NA,NA,NA,NA,NA,NA,NA,NA,NA,NA,NA,NA,NA,NA,NA,NA,NA,NA,NA,NA,NA,NA,NA,NA,NA,NA,NA,NA,NA,NA,NA,NA,NA,NA,NA,NA,NA,NA,NA,NA,NA,NA,NA,NA,NA,NA,NA,NA,NA,NA,NA,NA,NA,NA,NA,NA,NA,NA,NA,NA,NA,NA,NA,NA,NA,NA,NA,NA,NA,NA,NA,NA,NA,NA,NA
12,1,1,0,1,0,0,0,0,NA,NA,NA,0,NA,NA,IMPMAP_I,0:34:16,2026.87,0,15832.014801248282,1,0.75,1,12.372,202.016,6.36981,0.616811,1.31102,-0.31547,-0.594571,0.227968,-0.141862,2.15622,44.372,24.6269,10.2239,115.843,29.7329,169.196,26.7449,1.43294,0.19177,0.446796,0.145804,0.0721839,0.0001,0.522247,0.305003,0.347299,0.132638,0.111935,0.133958,0.00355073,0.0179125,0.0184483,0.135368,-0.241536,-0.306715,0.42452,-0.549965,170.948,0.66788,0.637473,0.431534,0.590562,14.1544,87.5265,0.0340199,-0.137647,-0.0639871,-0.243203,-4.60682,-2.06949,29.7265,2.90258,2.14592,3.97464,1.19447,-123.729,0.94272,-16.5407,607.772,0.355499,0.146087,0.865489,-0.0465645,20.0238,4.56694,-6.36674,73.7468,36.2977,3.40131,2.94277,3.34729,-0.103931,0.674484,6.27769,4.64557,58.7964,-0.643425,106.182,1.98824,1.74201,1.14308,1.2201,9.05749,101.005,2.12921,30.7877,11.946,18.1457,196.77,-0.153303,-0.121045,-0.11302,0.00649113,-0.405225,-0.715357,-0.445943,0.341503,-0.0741431,-3.33079,-1.55229,0.246873,0.0513094,0.0378648,0.0228507,0.0129288,-0.73921,0.100792,0.00290268,0.472559,0.193648,0.461811,-0.406893,-0.00190543,0.153638,-0.0689818,-0.0617654,-0.0623586,0.00181496,-1.00927,-0.189834,0.0914329,-0.709802,-0.595111,-1.36348,0.549766,0.00605884,-0.0742668,0.247884,0.042889,0.0185767,0.0125939,0.0108322,0.294911,0.805599,1.29509,-0.0235462,-0.0358339,0.326871,1.8715,-0.0232853,-0.0050838,0.00437865,0.123187,0.0422615,1e-07,NA,NA,NA,NA,NA,NA,NA,NA,NA,NA,NA,NA,NA,NA,NA,NA,NA,NA,NA,NA,NA,NA,NA,NA,NA,NA,NA,NA,NA,NA,NA,NA,NA,NA,NA,NA,NA,NA,NA,NA,NA,NA,NA,NA,NA,NA,NA,NA,NA,NA,NA,NA,NA,NA,NA,NA,NA,NA,NA,NA,NA,NA,NA,NA,NA,NA,NA,NA,NA,NA,NA,NA,NA,NA,NA,NA,NA,NA,NA,NA,NA,NA,NA,NA,NA,NA,NA,NA,NA,NA,NA,NA,NA,NA,NA,NA,NA,NA,NA,NA,NA,NA,NA,NA,NA,NA,NA,NA,NA,NA,NA,NA,NA,NA,NA,NA,NA,NA,NA,NA,NA,NA,NA,NA,NA,NA,NA,NA,NA,NA,NA,NA,NA,NA,NA,NA,NA,NA,NA,NA,NA,NA,NA,NA,NA,NA,NA,NA,NA,NA,NA,NA,NA,NA,NA,NA,NA,NA,NA,NA,NA,NA,NA,NA,NA,NA,NA,NA,NA,NA,NA,NA,NA,NA,NA,NA,NA,NA,NA,NA,NA,NA,NA,NA,NA,NA,NA,NA,NA,NA,NA,NA,NA,NA,NA,NA,NA,NA,NA,NA,NA,NA,NA,NA,NA,NA,NA,NA,NA,NA,NA,NA,NA,NA,NA,NA,NA,NA,NA,NA,NA,NA,NA,NA,NA,NA,NA,NA,NA,NA,NA,NA,NA,NA,NA,NA,NA,NA,NA,NA,NA,NA,NA,NA,NA,NA,NA,NA,NA,NA,NA,NA,NA,NA,NA,NA,NA,NA,NA,NA,NA,NA,NA,NA,NA,NA,NA,NA,NA,NA,NA,NA,NA,NA,NA,NA,NA,NA,NA,NA,NA,NA,NA,NA,NA,NA,NA,NA,NA,NA,NA,NA,NA,NA,NA,NA,NA,NA,NA,NA,NA,NA,NA,NA,NA,NA,NA,NA,NA,NA,NA,NA,NA,NA
13,1,1,0,1,0,0,0,0,NA,NA,NA,0,NA,NA,IMPMAP_I,0:09:28,536.25,0,16946.610769775096,1,0.75,1,12.5377,206.654,6.46707,0.616891,1.22943,-0.304496,-0.575679,0.242866,-0.155398,2.7291,44.8595,25.7115,10.258,117.15,29.9231,169.772,27.4847,1.41032,0.203172,0.420198,0.168886,0.0884904,0.0001,0.580436,0.303046,0.323221,0.148788,0.127223,0.136914,-0.0287198,0.00294827,0.0238937,0.144666,0.127266,-0.180255,0.0172724,0.123069,179.098,-0.0323457,-0.361649,0.106347,0.190958,11.3909,149.845,-0.0248627,-0.288272,-0.0893447,-0.29985,-10.0487,0.0811827,31.7778,5.097,3.90428,4.31286,0.754234,-137.754,-8.40049,-12.4003,613.191,1.00877,0.607034,0.923759,0.211278,17.7542,3.19931,-6.7228,77.9366,36.749,3.56302,3.16906,3.35009,-0.108056,-14.2231,-0.0299912,4.29136,65.7338,-1.04006,106.017,0.44888,-0.377974,0.484893,0.256142,8.62182,175.347,5.35309,15.7968,10.4595,5.08807,281.804,-0.165559,-0.132169,-0.115566,0.0150299,-0.141518,-0.792289,-0.407954,-0.442267,-0.224643,-3.316,-1.47856,0.24197,0.0359933,0.027597,0.0290456,0.0052514,-1.55845,-0.184922,0.130548,1.23457,-0.045699,0.917345,-0.821599,-0.00339097,0.16236,-0.0608555,-0.0430161,-0.0596755,0.00788748,-0.466456,-0.136227,0.023192,-0.916759,-0.407385,-1.47961,0.532567,0.0115694,-0.0731284,0.243862,0.0274194,-0.0107227,0.00788839,-0.00342775,-0.282281,1.41257,1.39318,0.0432194,-0.100699,0.313481,2.77929,-0.0306464,-5.42348e-05,0.0033025,0.140758,0.0396773,1e-07,NA,NA,NA,NA,NA,NA,NA,NA,NA,NA,NA,NA,NA,NA,NA,NA,NA,NA,NA,NA,NA,NA,NA,NA,NA,NA,NA,NA,NA,NA,NA,NA,NA,NA,NA,NA,NA,NA,NA,NA,NA,NA,NA,NA,NA,NA,NA,NA,NA,NA,NA,NA,NA,NA,NA,NA,NA,NA,NA,NA,NA,NA,NA,NA,NA,NA,NA,NA,NA,NA,NA,NA,NA,NA,NA,NA,NA,NA,NA,NA,NA,NA,NA,NA,NA,NA,NA,NA,NA,NA,NA,NA,NA,NA,NA,NA,NA,NA,NA,NA,NA,NA,NA,NA,NA,NA,NA,NA,NA,NA,NA,NA,NA,NA,NA,NA,NA,NA,NA,NA,NA,NA,NA,NA,NA,NA,NA,NA,NA,NA,NA,NA,NA,NA,NA,NA,NA,NA,NA,NA,NA,NA,NA,NA,NA,NA,NA,NA,NA,NA,NA,NA,NA,NA,NA,NA,NA,NA,NA,NA,NA,NA,NA,NA,NA,NA,NA,NA,NA,NA,NA,NA,NA,NA,NA,NA,NA,NA,NA,NA,NA,NA,NA,NA,NA,NA,NA,NA,NA,NA,NA,NA,NA,NA,NA,NA,NA,NA,NA,NA,NA,NA,NA,NA,NA,NA,NA,NA,NA,NA,NA,NA,NA,NA,NA,NA,NA,NA,NA,NA,NA,NA,NA,NA,NA,NA,NA,NA,NA,NA,NA,NA,NA,NA,NA,NA,NA,NA,NA,NA,NA,NA,NA,NA,NA,NA,NA,NA,NA,NA,NA,NA,NA,NA,NA,NA,NA,NA,NA,NA,NA,NA,NA,NA,NA,NA,NA,NA,NA,NA,NA,NA,NA,NA,NA,NA,NA,NA,NA,NA,NA,NA,NA,NA,NA,NA,NA,NA,NA,NA,NA,NA,NA,NA,NA,NA,NA,NA,NA,NA,NA,NA,NA,NA,NA,NA,NA,NA,NA,NA,NA,NA,NA,NA
14,1,1,0,1,0,0,0,0,NA,NA,NA,0,NA,NA,IMPMAP_I,0:06:21,346.04,0,16081.262797338926,1,0.75,1,12.6084,206.867,6.37916,0.616708,1.10872,-0.35933,-0.543107,0.217522,-0.150683,2.94715,44.2983,24.9628,10.1996,119,30.3071,169.556,26.8459,1.44669,0.174691,0.436511,0.158946,0.0702068,0.0001,0.557172,0.289041,0.324225,0.144336,0.114044,0.128481,-0.00931844,-0.00143625,0.0244405,0.134978,1.18254,0.825335,0.782956,-0.334976,170.71,0.563231,0.436399,0.19672,0.49373,12.9074,114.928,0.116337,-0.396587,-0.191433,-0.221956,-10.1831,-5.15625,30.9445,2.83861,2.21891,3.7496,1.25953,-111.486,-11.683,-15.5427,567.896,0.841718,0.50815,0.958297,0.226801,25.4635,6.01398,-7.85981,71.2506,38.3733,3.49895,2.8467,3.03986,-0.105818,5.30605,-1.39445,1.71121,51.0166,-1.6568,96.8641,0.949362,0.52788,0.536231,0.85768,9.97059,130.543,-2.7632,16.2746,10.996,2.66063,217.63,-0.172162,-0.135334,-0.113321,-0.00285743,-0.510556,-0.486932,-0.251854,-0.625419,-0.253486,-3.06956,-1.02112,0.248275,0.00280097,0.0104629,0.00837533,0.00369717,-1.00989,-0.0689899,0.105001,-0.0324621,-0.0488485,0.303387,-0.738097,0.0129513,0.144304,-0.0479745,-0.0456698,-0.0598015,0.0167579,-1.35963,-0.0234114,-0.0137034,-0.489744,-0.66493,-1.37228,0.818052,0.00626908,-0.0640823,0.246572,0.0269386,-0.0155602,-0.00431269,0.00210325,-0.205674,1.01393,1.31673,-0.100534,-0.0515218,-0.128375,1.96778,-0.00880809,-0.00101741,0.007612,0.133101,0.0440505,1e-07,NA,NA,NA,NA,NA,NA,NA,NA,NA,NA,NA,NA,NA,NA,NA,NA,NA,NA,NA,NA,NA,NA,NA,NA,NA,NA,NA,NA,NA,NA,NA,NA,NA,NA,NA,NA,NA,NA,NA,NA,NA,NA,NA,NA,NA,NA,NA,NA,NA,NA,NA,NA,NA,NA,NA,NA,NA,NA,NA,NA,NA,NA,NA,NA,NA,NA,NA,NA,NA,NA,NA,NA,NA,NA,NA,NA,NA,NA,NA,NA,NA,NA,NA,NA,NA,NA,NA,NA,NA,NA,NA,NA,NA,NA,NA,NA,NA,NA,NA,NA,NA,NA,NA,NA,NA,NA,NA,NA,NA,NA,NA,NA,NA,NA,NA,NA,NA,NA,NA,NA,NA,NA,NA,NA,NA,NA,NA,NA,NA,NA,NA,NA,NA,NA,NA,NA,NA,NA,NA,NA,NA,NA,NA,NA,NA,NA,NA,NA,NA,NA,NA,NA,NA,NA,NA,NA,NA,NA,NA,NA,NA,NA,NA,NA,NA,NA,NA,NA,NA,NA,NA,NA,NA,NA,NA,NA,NA,NA,NA,NA,NA,NA,NA,NA,NA,NA,NA,NA,NA,NA,NA,NA,NA,NA,NA,NA,NA,NA,NA,NA,NA,NA,NA,NA,NA,NA,NA,NA,NA,NA,NA,NA,NA,NA,NA,NA,NA,NA,NA,NA,NA,NA,NA,NA,NA,NA,NA,NA,NA,NA,NA,NA,NA,NA,NA,NA,NA,NA,NA,NA,NA,NA,NA,NA,NA,NA,NA,NA,NA,NA,NA,NA,NA,NA,NA,NA,NA,NA,NA,NA,NA,NA,NA,NA,NA,NA,NA,NA,NA,NA,NA,NA,NA,NA,NA,NA,NA,NA,NA,NA,NA,NA,NA,NA,NA,NA,NA,NA,NA,NA,NA,NA,NA,NA,NA,NA,NA,NA,NA,NA,NA,NA,NA,NA,NA,NA,NA,NA,NA,NA,NA,NA,NA,NA
15,1,1,0,1,0,0,0,0,NA,NA,NA,0,NA,NA,IMPMAP_I,0:33:07,1955.12,0,16579.155785339495,1,0.75,1,13.1672,205.447,6.38501,0.616671,1.1468,-0.3331,-0.572288,0.243197,-0.148549,2.53219,43.6115,25.4022,9.621,120.329,30.5372,169.151,27.322,1.43447,0.208958,0.446182,0.14227,0.0637535,0.0001,0.527343,0.234302,0.27808,0.140434,0.118835,0.134629,-0.0243531,-0.000489549,0.0281361,0.161063,0.913181,0.292404,0.42094,-0.379854,168.689,0.541026,0.0792864,0.450099,0.466952,21.5448,112.471,0.219711,-0.105826,0.0561844,-0.187283,-9.32706,-7.17711,25.9425,2.89546,2.57742,3.64623,1.60883,-118.123,-0.592547,-4.09382,576.309,0.766798,0.533201,0.945476,0.124469,23.4788,7.93038,-3.30606,77.7409,40.2337,3.60018,3.1172,3.29783,-0.0345883,-3.77583,5.30482,5.79967,43.9992,-1.82375,105.995,1.14727,0.449761,0.845763,1.08971,27.2364,126.327,-5.985,31.1654,16.4218,7.11673,220.303,-0.153114,-0.114087,-0.105828,0.00370968,-0.331931,-0.647599,-0.296726,0.672916,0.0202436,-3.14856,-1.02363,0.245709,0.00767481,0.0195162,0.0261697,-0.00292947,-1.47017,-0.245879,0.23244,0.993451,-0.0293237,0.880552,-1.09758,0.0018584,0.165592,-0.0304048,-0.030187,-0.0548294,0.0149296,-0.705553,-0.267566,-0.193718,-0.531761,-0.454661,-1.40259,0.681088,-0.0109352,-0.0864216,0.247389,0.0473476,0.0103145,0.0141928,0.015915,0.0589195,1.11187,1.0243,0.498843,0.183497,0.205716,2.16738,-0.00815457,0.00172983,-0.00599021,0.122759,0.044831,1e-07,NA,NA,NA,NA,NA,NA,NA,NA,NA,NA,NA,NA,NA,NA,NA,NA,NA,NA,NA,NA,NA,NA,NA,NA,NA,NA,NA,NA,NA,NA,NA,NA,NA,NA,NA,NA,NA,NA,NA,NA,NA,NA,NA,NA,NA,NA,NA,NA,NA,NA,NA,NA,NA,NA,NA,NA,NA,NA,NA,NA,NA,NA,NA,NA,NA,NA,NA,NA,NA,NA,NA,NA,NA,NA,NA,NA,NA,NA,NA,NA,NA,NA,NA,NA,NA,NA,NA,NA,NA,NA,NA,NA,NA,NA,NA,NA,NA,NA,NA,NA,NA,NA,NA,NA,NA,NA,NA,NA,NA,NA,NA,NA,NA,NA,NA,NA,NA,NA,NA,NA,NA,NA,NA,NA,NA,NA,NA,NA,NA,NA,NA,NA,NA,NA,NA,NA,NA,NA,NA,NA,NA,NA,NA,NA,NA,NA,NA,NA,NA,NA,NA,NA,NA,NA,NA,NA,NA,NA,NA,NA,NA,NA,NA,NA,NA,NA,NA,NA,NA,NA,NA,NA,NA,NA,NA,NA,NA,NA,NA,NA,NA,NA,NA,NA,NA,NA,NA,NA,NA,NA,NA,NA,NA,NA,NA,NA,NA,NA,NA,NA,NA,NA,NA,NA,NA,NA,NA,NA,NA,NA,NA,NA,NA,NA,NA,NA,NA,NA,NA,NA,NA,NA,NA,NA,NA,NA,NA,NA,NA,NA,NA,NA,NA,NA,NA,NA,NA,NA,NA,NA,NA,NA,NA,NA,NA,NA,NA,NA,NA,NA,NA,NA,NA,NA,NA,NA,NA,NA,NA,NA,NA,NA,NA,NA,NA,NA,NA,NA,NA,NA,NA,NA,NA,NA,NA,NA,NA,NA,NA,NA,NA,NA,NA,NA,NA,NA,NA,NA,NA,NA,NA,NA,NA,NA,NA,NA,NA,NA,NA,NA,NA,NA,NA,NA,NA,NA,NA,NA,NA,NA,NA,NA,NA,NA
16,1,1,0,1,0,0,0,0,NA,NA,NA,0,NA,NA,IMPMAP_I,0:33:03,1949.8,0,16745.095127939730,1,0.75,1,12.5431,205.008,6.43534,0.616941,1.42614,-0.338357,-0.577449,0.219415,-0.144029,2.73428,44.0692,25.6662,9.61349,119.269,30.2589,169.321,28.2038,1.48081,0.193935,0.434414,0.15686,0.0809968,0.0001,0.624124,0.342482,0.365232,0.161609,0.132391,0.141758,-0.0371514,-0.0103378,0.0139618,0.126224,1.4813,1.12312,0.76682,-0.0993888,167.428,0.377518,-0.0434568,0.550373,0.384671,17.8318,176.277,0.164499,-0.134047,-0.0501858,-0.0652407,-6.10667,-5.18357,23.9646,3.70794,3.02908,3.94859,0.917202,-112.364,7.62318,-10.4787,573.01,1.11607,0.848344,1.01971,0.153864,25,11.4374,-6.50344,71.0343,38.5883,3.93025,3.21654,3.49439,-0.327076,5.04942,6.11918,4.07933,59.8138,1.15166,110.475,0.698218,0.0466331,1.00003,0.621338,20.4541,215.174,-5.48947,32.5054,19.2094,12.299,334.559,-0.159051,-0.119006,-0.122954,0.0174687,-0.458302,-0.847288,-0.322743,-0.707107,-0.242124,-3.56268,-1.44746,0.250051,0.0239689,0.0224544,0.0178733,0.00316662,-0.904678,-0.214053,0.0977273,0.414388,0.0182457,0.523838,-0.968562,-0.000804141,0.15636,-0.106732,-0.0823246,-0.0651351,-0.00385165,-1.13317,-0.379898,-0.088096,0.0230265,-0.540248,-1.48653,0.496584,0.0193182,-0.0747877,0.246207,0.0466096,0.0102889,0.0138985,0.0106288,0.0681916,1.78295,0.968885,0.373262,0.122292,0.251753,3.15369,-0.0243042,0.00155,0.00106203,0.132048,0.0431927,1e-07,NA,NA,NA,NA,NA,NA,NA,NA,NA,NA,NA,NA,NA,NA,NA,NA,NA,NA,NA,NA,NA,NA,NA,NA,NA,NA,NA,NA,NA,NA,NA,NA,NA,NA,NA,NA,NA,NA,NA,NA,NA,NA,NA,NA,NA,NA,NA,NA,NA,NA,NA,NA,NA,NA,NA,NA,NA,NA,NA,NA,NA,NA,NA,NA,NA,NA,NA,NA,NA,NA,NA,NA,NA,NA,NA,NA,NA,NA,NA,NA,NA,NA,NA,NA,NA,NA,NA,NA,NA,NA,NA,NA,NA,NA,NA,NA,NA,NA,NA,NA,NA,NA,NA,NA,NA,NA,NA,NA,NA,NA,NA,NA,NA,NA,NA,NA,NA,NA,NA,NA,NA,NA,NA,NA,NA,NA,NA,NA,NA,NA,NA,NA,NA,NA,NA,NA,NA,NA,NA,NA,NA,NA,NA,NA,NA,NA,NA,NA,NA,NA,NA,NA,NA,NA,NA,NA,NA,NA,NA,NA,NA,NA,NA,NA,NA,NA,NA,NA,NA,NA,NA,NA,NA,NA,NA,NA,NA,NA,NA,NA,NA,NA,NA,NA,NA,NA,NA,NA,NA,NA,NA,NA,NA,NA,NA,NA,NA,NA,NA,NA,NA,NA,NA,NA,NA,NA,NA,NA,NA,NA,NA,NA,NA,NA,NA,NA,NA,NA,NA,NA,NA,NA,NA,NA,NA,NA,NA,NA,NA,NA,NA,NA,NA,NA,NA,NA,NA,NA,NA,NA,NA,NA,NA,NA,NA,NA,NA,NA,NA,NA,NA,NA,NA,NA,NA,NA,NA,NA,NA,NA,NA,NA,NA,NA,NA,NA,NA,NA,NA,NA,NA,NA,NA,NA,NA,NA,NA,NA,NA,NA,NA,NA,NA,NA,NA,NA,NA,NA,NA,NA,NA,NA,NA,NA,NA,NA,NA,NA,NA,NA,NA,NA,NA,NA,NA,NA,NA,NA,NA,NA,NA,NA,NA,NA
17,1,1,0,1,0,0,0,0,NA,NA,NA,0,NA,NA,IMPMAP_I,0:06:54,381.98,0,16190.541138293593,1,0.75,1,12.7706,204.293,6.60899,0.616894,0.963017,-0.335937,-0.592372,0.236541,-0.133454,1.72288,44.0356,24.658,10.186,118.907,30.289,169.019,27.4083,1.44299,0.189906,0.413001,0.154906,0.0933907,0.0001,0.511055,0.246943,0.285882,0.145047,0.109239,0.134648,-0.0514018,0.00101792,0.0242545,0.168079,0.664447,0.178149,0.556681,0.204735,160.294,0.439185,0.226035,0.179999,0.235358,19.4784,85.3287,0.0226233,-0.102203,0.0395436,-0.129336,-9.9026,-1.34428,28.9891,4.15056,3.01839,3.60267,0.56024,-142.732,-20.114,-1.2807,610.389,0.90147,0.550875,0.991428,0.0841784,13.6786,2.76757,-5.18789,82.7576,37.7631,3.76105,2.73053,3.25303,-0.138509,5.22676,1.19995,6.43501,41.0603,1.23786,102.158,1.47662,0.952549,0.835779,0.575287,16.3947,108.095,3.68842,20.679,11.23,11.6765,218.609,-0.155159,-0.105677,-0.117122,0.000886623,-0.628431,-0.666784,-0.390982,-0.0655211,-0.240599,-3.30669,-1.52163,0.246069,-0.00663331,-0.00190482,0.00656312,-0.0102162,-1.00685,0.0349396,-0.0195227,0.766194,-0.0586943,0.298235,-0.497294,0.0230856,0.15387,-0.0494396,-0.0452318,-0.0506874,0.0140454,-0.892291,-0.173494,-0.0151552,-0.252838,-0.327631,-1.31636,0.463993,-0.00521338,-0.0722424,0.242269,0.0171114,0.00668821,0.0102358,-0.00218682,-0.104171,1.05239,1.23366,0.172901,0.0094388,0.278718,2.3985,-0.0255692,0.0013412,-0.0021454,0.131779,0.0435962,1e-07,NA,NA,NA,NA,NA,NA,NA,NA,NA,NA,NA,NA,NA,NA,NA,NA,NA,NA,NA,NA,NA,NA,NA,NA,NA,NA,NA,NA,NA,NA,NA,NA,NA,NA,NA,NA,NA,NA,NA,NA,NA,NA,NA,NA,NA,NA,NA,NA,NA,NA,NA,NA,NA,NA,NA,NA,NA,NA,NA,NA,NA,NA,NA,NA,NA,NA,NA,NA,NA,NA,NA,NA,NA,NA,NA,NA,NA,NA,NA,NA,NA,NA,NA,NA,NA,NA,NA,NA,NA,NA,NA,NA,NA,NA,NA,NA,NA,NA,NA,NA,NA,NA,NA,NA,NA,NA,NA,NA,NA,NA,NA,NA,NA,NA,NA,NA,NA,NA,NA,NA,NA,NA,NA,NA,NA,NA,NA,NA,NA,NA,NA,NA,NA,NA,NA,NA,NA,NA,NA,NA,NA,NA,NA,NA,NA,NA,NA,NA,NA,NA,NA,NA,NA,NA,NA,NA,NA,NA,NA,NA,NA,NA,NA,NA,NA,NA,NA,NA,NA,NA,NA,NA,NA,NA,NA,NA,NA,NA,NA,NA,NA,NA,NA,NA,NA,NA,NA,NA,NA,NA,NA,NA,NA,NA,NA,NA,NA,NA,NA,NA,NA,NA,NA,NA,NA,NA,NA,NA,NA,NA,NA,NA,NA,NA,NA,NA,NA,NA,NA,NA,NA,NA,NA,NA,NA,NA,NA,NA,NA,NA,NA,NA,NA,NA,NA,NA,NA,NA,NA,NA,NA,NA,NA,NA,NA,NA,NA,NA,NA,NA,NA,NA,NA,NA,NA,NA,NA,NA,NA,NA,NA,NA,NA,NA,NA,NA,NA,NA,NA,NA,NA,NA,NA,NA,NA,NA,NA,NA,NA,NA,NA,NA,NA,NA,NA,NA,NA,NA,NA,NA,NA,NA,NA,NA,NA,NA,NA,NA,NA,NA,NA,NA,NA,NA,NA,NA,NA,NA,NA,NA,NA,NA,NA,NA
18,1,1,0,1,0,0,0,0,NA,NA,NA,0,NA,NA,IMPMAP_I,0:06:26,353.64,0,17419.156682498509,1,0.75,1,12.8828,203.88,6.4863,0.616745,1.25159,-0.323797,-0.544465,0.312331,-0.13841,2.99997,43.9381,25.0223,9.87042,119.071,30.396,168.94,26.4574,1.44149,0.214616,0.455215,0.139892,0.0863441,0.0001,0.558014,0.276402,0.315663,0.15927,0.129746,0.148877,-0.0358507,-0.000248361,0.0258837,0.138265,0.632355,0.373942,0.657589,0.155376,172.613,0.563192,0.146701,0.10732,0.314681,16.49,132.744,-0.0698699,-0.387571,-0.169192,-0.17284,-11.0224,-5.45542,26.2139,2.85173,2.35056,3.98216,0.0668678,-108.634,-8.71034,-10.041,571.234,0.772938,0.703343,1.13159,0.199292,25.9613,5.66279,-5.91472,81.2733,43.2621,4.18872,3.25587,3.59836,-0.0307121,-0.968896,-2.70586,0.637404,60.7124,1.38977,112.32,1.39218,0.766016,0.730477,0.404923,13.6548,144.621,-2.99181,18.7226,13.254,9.34899,248.221,-0.171806,-0.132346,-0.116042,-0.00356076,-0.506569,-0.508333,-0.209559,0.265393,-0.182559,-3.26494,-1.42517,0.246509,0.0133035,0.0232773,0.0192673,0.00468989,-1.2238,-0.204376,0.186119,0.803006,-0.0154745,0.58603,-0.871229,0.00368053,0.168937,-0.101076,-0.0757079,-0.0721987,-0.012617,-0.920957,-0.227431,-0.00549979,-1.01233,-0.639137,-1.61838,0.706819,0.00813555,-0.0878545,0.248153,0.0308712,-0.00149677,0.00925606,0.0048126,-0.281338,0.893287,1.11934,0.349647,0.00662621,0.235004,2.26422,-0.0230062,0.000114111,0.00107053,0.120924,0.0439676,1e-07,NA,NA,NA,NA,NA,NA,NA,NA,NA,NA,NA,NA,NA,NA,NA,NA,NA,NA,NA,NA,NA,NA,NA,NA,NA,NA,NA,NA,NA,NA,NA,NA,NA,NA,NA,NA,NA,NA,NA,NA,NA,NA,NA,NA,NA,NA,NA,NA,NA,NA,NA,NA,NA,NA,NA,NA,NA,NA,NA,NA,NA,NA,NA,NA,NA,NA,NA,NA,NA,NA,NA,NA,NA,NA,NA,NA,NA,NA,NA,NA,NA,NA,NA,NA,NA,NA,NA,NA,NA,NA,NA,NA,NA,NA,NA,NA,NA,NA,NA,NA,NA,NA,NA,NA,NA,NA,NA,NA,NA,NA,NA,NA,NA,NA,NA,NA,NA,NA,NA,NA,NA,NA,NA,NA,NA,NA,NA,NA,NA,NA,NA,NA,NA,NA,NA,NA,NA,NA,NA,NA,NA,NA,NA,NA,NA,NA,NA,NA,NA,NA,NA,NA,NA,NA,NA,NA,NA,NA,NA,NA,NA,NA,NA,NA,NA,NA,NA,NA,NA,NA,NA,NA,NA,NA,NA,NA,NA,NA,NA,NA,NA,NA,NA,NA,NA,NA,NA,NA,NA,NA,NA,NA,NA,NA,NA,NA,NA,NA,NA,NA,NA,NA,NA,NA,NA,NA,NA,NA,NA,NA,NA,NA,NA,NA,NA,NA,NA,NA,NA,NA,NA,NA,NA,NA,NA,NA,NA,NA,NA,NA,NA,NA,NA,NA,NA,NA,NA,NA,NA,NA,NA,NA,NA,NA,NA,NA,NA,NA,NA,NA,NA,NA,NA,NA,NA,NA,NA,NA,NA,NA,NA,NA,NA,NA,NA,NA,NA,NA,NA,NA,NA,NA,NA,NA,NA,NA,NA,NA,NA,NA,NA,NA,NA,NA,NA,NA,NA,NA,NA,NA,NA,NA,NA,NA,NA,NA,NA,NA,NA,NA,NA,NA,NA,NA,NA,NA,NA,NA,NA,NA,NA,NA,NA,NA
19,1,1,0,1,0,0,0,0,NA,NA,NA,0,NA,NA,IMPMAP_I,0:07:51,443.52,0,16464.994267679253,1,0.75,1,12.5978,201.148,6.2464,0.616765,1.36067,-0.34715,-0.562354,0.248974,-0.125421,2.38791,43.7703,24.7611,9.91639,118.927,30.0488,168.982,27.1339,1.44815,0.196124,0.452874,0.141129,0.0853159,0.0001,0.5522,0.274783,0.319666,0.143948,0.125721,0.131738,-0.022734,0.0105264,0.0205997,0.149528,0.110177,0.21334,0.409398,-0.312445,184.13,1.2576,0.84056,0.21264,0.741122,18.8589,102.67,0.168248,-0.21735,0.066932,-0.0915207,-8.34637,-2.63565,24.631,4.08859,3.69079,3.84197,1.07045,-125.098,-11.0386,-6.22255,558.184,0.807369,0.73642,0.844168,0.0541396,25.6694,7.86036,-5.85021,69.8195,38.3801,3.62062,3.00725,3.26275,-0.170119,-6.13888,-4.10248,7.73859,55.5278,-4.09598,106.271,1.54958,0.97237,0.743226,0.599779,11.6783,108.125,-0.396514,28.8342,15.5061,6.31825,208.809,-0.173349,-0.147441,-0.121106,-0.00655135,-0.232598,-0.479979,-0.411746,-0.648682,-0.169371,-3.40398,-1.3441,0.247552,0.00587908,0.0117833,0.0154785,-0.00469205,-0.913818,-0.0231204,0.0442743,0.0451418,0.0369151,0.485605,-0.819211,0.00282019,0.157899,-0.0355929,-0.033165,-0.056444,0.0176236,-1.1077,-0.132555,-0.0104921,-0.602548,-0.411285,-1.43747,0.846048,0.00882977,-0.0793032,0.248101,0.0286835,-0.0076979,0.00729489,-0.00223736,-0.0953064,0.918816,1.01444,0.263953,0.0229646,0.19975,2.18863,-0.0193143,-0.00714826,0.00875623,0.121493,0.0452446,1e-07,NA,NA,NA,NA,NA,NA,NA,NA,NA,NA,NA,NA,NA,NA,NA,NA,NA,NA,NA,NA,NA,NA,NA,NA,NA,NA,NA,NA,NA,NA,NA,NA,NA,NA,NA,NA,NA,NA,NA,NA,NA,NA,NA,NA,NA,NA,NA,NA,NA,NA,NA,NA,NA,NA,NA,NA,NA,NA,NA,NA,NA,NA,NA,NA,NA,NA,NA,NA,NA,NA,NA,NA,NA,NA,NA,NA,NA,NA,NA,NA,NA,NA,NA,NA,NA,NA,NA,NA,NA,NA,NA,NA,NA,NA,NA,NA,NA,NA,NA,NA,NA,NA,NA,NA,NA,NA,NA,NA,NA,NA,NA,NA,NA,NA,NA,NA,NA,NA,NA,NA,NA,NA,NA,NA,NA,NA,NA,NA,NA,NA,NA,NA,NA,NA,NA,NA,NA,NA,NA,NA,NA,NA,NA,NA,NA,NA,NA,NA,NA,NA,NA,NA,NA,NA,NA,NA,NA,NA,NA,NA,NA,NA,NA,NA,NA,NA,NA,NA,NA,NA,NA,NA,NA,NA,NA,NA,NA,NA,NA,NA,NA,NA,NA,NA,NA,NA,NA,NA,NA,NA,NA,NA,NA,NA,NA,NA,NA,NA,NA,NA,NA,NA,NA,NA,NA,NA,NA,NA,NA,NA,NA,NA,NA,NA,NA,NA,NA,NA,NA,NA,NA,NA,NA,NA,NA,NA,NA,NA,NA,NA,NA,NA,NA,NA,NA,NA,NA,NA,NA,NA,NA,NA,NA,NA,NA,NA,NA,NA,NA,NA,NA,NA,NA,NA,NA,NA,NA,NA,NA,NA,NA,NA,NA,NA,NA,NA,NA,NA,NA,NA,NA,NA,NA,NA,NA,NA,NA,NA,NA,NA,NA,NA,NA,NA,NA,NA,NA,NA,NA,NA,NA,NA,NA,NA,NA,NA,NA,NA,NA,NA,NA,NA,NA,NA,NA,NA,NA,NA,NA,NA,NA,NA,NA,NA
20,1,1,0,1,0,0,0,0,NA,NA,NA,0,NA,NA,IMPMAP_I,0:10:21,589.29,0,16800.732995169499,1,0.75,1,12.7282,203.895,6.61905,0.616851,1.2042,-0.356479,-0.509827,0.300929,-0.150684,2.99997,44.1677,25.405,9.75454,118.721,30.1694,168.96,27.7827,1.45747,0.183275,0.441022,0.148879,0.0893447,0.0001,0.542435,0.310523,0.359084,0.171968,0.140839,0.141375,-0.00761882,0.0216499,0.0454338,0.147577,1.24156,1.048,0.662643,-0.0959514,192.649,-0.0488673,-0.112848,0.0721741,0.121721,19.0373,166.388,-0.0703935,-0.238083,-0.136845,-0.207995,-6.93807,-3.99054,26.8148,4.171,3.83182,3.90471,1.91402,-138.236,-22.931,-11.636,591.056,1.16547,1.0076,1.01987,0.524128,21.5017,2.67961,-6.03695,80.111,38.766,4.13174,3.2055,3.30938,0.280293,3.0639,-0.080269,1.81906,46.6212,-1.41569,103.475,0.508567,0.220729,0.504086,0.403159,9.98112,198.417,-1.44641,14.267,8.3598,6.91881,310.93,-0.17193,-0.131707,-0.119574,-0.0176153,-0.721002,-0.628553,-0.250222,0.112781,-0.192599,-3.3053,-1.26346,0.248753,0.00525168,0.0020208,0.0209406,0.00368713,-0.963838,0.0730357,0.0976433,0.34146,-0.0254869,0.710556,-0.547774,0.00112044,0.149841,-0.0759706,-0.0579792,-0.0564829,0.0113055,-0.941737,0.173191,-0.042358,-0.379848,-0.475215,-1.35712,1.06768,0.00320753,-0.0728355,0.246995,0.00791586,-0.0105916,-0.000165992,-0.00649113,-0.0125225,1.42911,1.1607,-0.231141,-0.0442577,0.060733,2.61965,-0.0106014,0.00305481,-0.00103858,0.126805,0.0438027,1e-07,NA,NA,NA,NA,NA,NA,NA,NA,NA,NA,NA,NA,NA,NA,NA,NA,NA,NA,NA,NA,NA,NA,NA,NA,NA,NA,NA,NA,NA,NA,NA,NA,NA,NA,NA,NA,NA,NA,NA,NA,NA,NA,NA,NA,NA,NA,NA,NA,NA,NA,NA,NA,NA,NA,NA,NA,NA,NA,NA,NA,NA,NA,NA,NA,NA,NA,NA,NA,NA,NA,NA,NA,NA,NA,NA,NA,NA,NA,NA,NA,NA,NA,NA,NA,NA,NA,NA,NA,NA,NA,NA,NA,NA,NA,NA,NA,NA,NA,NA,NA,NA,NA,NA,NA,NA,NA,NA,NA,NA,NA,NA,NA,NA,NA,NA,NA,NA,NA,NA,NA,NA,NA,NA,NA,NA,NA,NA,NA,NA,NA,NA,NA,NA,NA,NA,NA,NA,NA,NA,NA,NA,NA,NA,NA,NA,NA,NA,NA,NA,NA,NA,NA,NA,NA,NA,NA,NA,NA,NA,NA,NA,NA,NA,NA,NA,NA,NA,NA,NA,NA,NA,NA,NA,NA,NA,NA,NA,NA,NA,NA,NA,NA,NA,NA,NA,NA,NA,NA,NA,NA,NA,NA,NA,NA,NA,NA,NA,NA,NA,NA,NA,NA,NA,NA,NA,NA,NA,NA,NA,NA,NA,NA,NA,NA,NA,NA,NA,NA,NA,NA,NA,NA,NA,NA,NA,NA,NA,NA,NA,NA,NA,NA,NA,NA,NA,NA,NA,NA,NA,NA,NA,NA,NA,NA,NA,NA,NA,NA,NA,NA,NA,NA,NA,NA,NA,NA,NA,NA,NA,NA,NA,NA,NA,NA,NA,NA,NA,NA,NA,NA,NA,NA,NA,NA,NA,NA,NA,NA,NA,NA,NA,NA,NA,NA,NA,NA,NA,NA,NA,NA,NA,NA,NA,NA,NA,NA,NA,NA,NA,NA,NA,NA,NA,NA,NA,NA,NA,NA,NA,NA,NA,NA,NA,NA
21,1,1,0,1,0,0,0,0,NA,NA,NA,0,NA,NA,IMPMAP_I,0:08:03,446.61,0,15545.384710800521,1,0.75,1,12.6782,206.574,6.59326,0.616844,1.58032,-0.305294,-0.488002,0.23396,-0.145403,2.90188,43.7203,24.5563,10.1462,119.48,30.0856,169.498,26.7931,1.43955,0.18191,0.438726,0.155805,0.0621191,0.0001,0.491488,0.247365,0.315895,0.130769,0.126031,0.144691,-0.016522,0.0161858,0.028051,0.158029,1.10038,0.564211,0.558011,0.374659,170.108,0.835153,0.587925,0.163496,0.303127,15.9132,85.0689,0.3423,-0.172148,-0.0336822,-0.132803,-8.56338,-4.68691,27.3991,1.67372,2.25186,3.93838,1.29724,-125.969,-0.831004,-9.45657,601.584,0.895994,0.626995,1.13319,0.411004,20.3675,5.47362,-5.86636,79.987,40.1536,3.13276,3.09811,3.45901,-0.26728,-1.05227,-1.66309,4.47442,53.0072,2.78133,108.385,0.946524,0.566444,0.411652,0.363904,11.2008,89.946,-0.861304,11.8121,8.35924,3.35581,164.997,-0.168611,-0.145361,-0.119335,0.00020086,-0.333771,-0.415261,-0.337597,0.429286,-0.0554788,-3.51161,-0.991766,0.246305,-0.00458434,0.00397683,0.0178419,-0.00806665,-1.31423,-0.25542,0.103882,0.966423,0.0287616,0.613406,-0.794768,0.00318267,0.148968,-0.0513734,-0.0505657,-0.0612488,0.00340152,-0.794156,-0.0392981,0.0410158,-0.976238,-0.637517,-1.36607,0.766201,-0.000811364,-0.0727022,0.24647,0.0453678,-0.00586603,0.0100638,0.0048038,-0.0868753,0.742199,1.24859,0.10388,0.049149,0.233878,1.65565,-0.023633,-0.00331049,0.0111617,0.132293,0.0424335,1e-07,NA,NA,NA,NA,NA,NA,NA,NA,NA,NA,NA,NA,NA,NA,NA,NA,NA,NA,NA,NA,NA,NA,NA,NA,NA,NA,NA,NA,NA,NA,NA,NA,NA,NA,NA,NA,NA,NA,NA,NA,NA,NA,NA,NA,NA,NA,NA,NA,NA,NA,NA,NA,NA,NA,NA,NA,NA,NA,NA,NA,NA,NA,NA,NA,NA,NA,NA,NA,NA,NA,NA,NA,NA,NA,NA,NA,NA,NA,NA,NA,NA,NA,NA,NA,NA,NA,NA,NA,NA,NA,NA,NA,NA,NA,NA,NA,NA,NA,NA,NA,NA,NA,NA,NA,NA,NA,NA,NA,NA,NA,NA,NA,NA,NA,NA,NA,NA,NA,NA,NA,NA,NA,NA,NA,NA,NA,NA,NA,NA,NA,NA,NA,NA,NA,NA,NA,NA,NA,NA,NA,NA,NA,NA,NA,NA,NA,NA,NA,NA,NA,NA,NA,NA,NA,NA,NA,NA,NA,NA,NA,NA,NA,NA,NA,NA,NA,NA,NA,NA,NA,NA,NA,NA,NA,NA,NA,NA,NA,NA,NA,NA,NA,NA,NA,NA,NA,NA,NA,NA,NA,NA,NA,NA,NA,NA,NA,NA,NA,NA,NA,NA,NA,NA,NA,NA,NA,NA,NA,NA,NA,NA,NA,NA,NA,NA,NA,NA,NA,NA,NA,NA,NA,NA,NA,NA,NA,NA,NA,NA,NA,NA,NA,NA,NA,NA,NA,NA,NA,NA,NA,NA,NA,NA,NA,NA,NA,NA,NA,NA,NA,NA,NA,NA,NA,NA,NA,NA,NA,NA,NA,NA,NA,NA,NA,NA,NA,NA,NA,NA,NA,NA,NA,NA,NA,NA,NA,NA,NA,NA,NA,NA,NA,NA,NA,NA,NA,NA,NA,NA,NA,NA,NA,NA,NA,NA,NA,NA,NA,NA,NA,NA,NA,NA,NA,NA,NA,NA,NA,NA,NA,NA,NA,NA,NA
22,1,1,0,1,0,0,0,0,NA,NA,NA,0,NA,NA,IMPMAP_I,0:18:47,1095.31,0,16784.331796439605,1,0.75,1,13.1682,206.057,6.51189,0.616789,1.04447,-0.306462,-0.511014,0.211891,-0.131361,2.95695,44.9439,24.7267,10.0981,116.726,30.187,169.54,27.4013,1.41572,0.177405,0.45375,0.150685,0.0958169,0.0001,0.569682,0.262349,0.268055,0.157146,0.12112,0.139286,-0.0340192,-0.00416735,0.0299555,0.143199,1.15475,0.327253,0.622648,-0.178571,185.148,0.0325995,-0.450583,0.0822238,0.348468,10.4383,119.834,0.0382349,-0.0773248,-0.0478907,-0.13132,-10.6355,-1.73161,28.7797,4.57114,4.33474,4.18005,1.3855,-137.609,-14.6299,-9.33117,606.51,1.05558,0.73621,1.12885,0.263819,22.7534,1.25785,-8.29628,80.1643,41.7046,3.87207,2.97632,3.26552,0.0375763,2.12285,-0.0780658,5.93162,58.5432,2.0112,100.834,1.22348,0.162461,0.783302,0.420579,8.92248,149.465,4.49842,26.0555,13.3879,11.3045,269.46,-0.159863,-0.110989,-0.111218,0.00163142,-0.310682,-0.665089,-0.402908,-0.144815,-0.103174,-3.22235,-1.42095,0.242467,0.0076203,0.00871261,0.0188873,0.0104336,-1.01775,-0.0611125,0.0174166,0.735785,0.0274203,0.521959,-0.741224,0.00347898,0.146255,-0.0554421,-0.0359954,-0.0517617,0.00483465,-1.26176,0.168235,-0.0078657,-0.364273,-0.547581,-1.15588,1.01676,-0.0138203,-0.0681034,0.248055,0.0338431,0.00184335,0.00989377,0.0070251,-0.245413,1.26562,1.19474,0.0174043,-0.065665,0.30554,2.81052,-0.0268778,-0.00781439,0.0147826,0.128821,0.0426312,1e-07,NA,NA,NA,NA,NA,NA,NA,NA,NA,NA,NA,NA,NA,NA,NA,NA,NA,NA,NA,NA,NA,NA,NA,NA,NA,NA,NA,NA,NA,NA,NA,NA,NA,NA,NA,NA,NA,NA,NA,NA,NA,NA,NA,NA,NA,NA,NA,NA,NA,NA,NA,NA,NA,NA,NA,NA,NA,NA,NA,NA,NA,NA,NA,NA,NA,NA,NA,NA,NA,NA,NA,NA,NA,NA,NA,NA,NA,NA,NA,NA,NA,NA,NA,NA,NA,NA,NA,NA,NA,NA,NA,NA,NA,NA,NA,NA,NA,NA,NA,NA,NA,NA,NA,NA,NA,NA,NA,NA,NA,NA,NA,NA,NA,NA,NA,NA,NA,NA,NA,NA,NA,NA,NA,NA,NA,NA,NA,NA,NA,NA,NA,NA,NA,NA,NA,NA,NA,NA,NA,NA,NA,NA,NA,NA,NA,NA,NA,NA,NA,NA,NA,NA,NA,NA,NA,NA,NA,NA,NA,NA,NA,NA,NA,NA,NA,NA,NA,NA,NA,NA,NA,NA,NA,NA,NA,NA,NA,NA,NA,NA,NA,NA,NA,NA,NA,NA,NA,NA,NA,NA,NA,NA,NA,NA,NA,NA,NA,NA,NA,NA,NA,NA,NA,NA,NA,NA,NA,NA,NA,NA,NA,NA,NA,NA,NA,NA,NA,NA,NA,NA,NA,NA,NA,NA,NA,NA,NA,NA,NA,NA,NA,NA,NA,NA,NA,NA,NA,NA,NA,NA,NA,NA,NA,NA,NA,NA,NA,NA,NA,NA,NA,NA,NA,NA,NA,NA,NA,NA,NA,NA,NA,NA,NA,NA,NA,NA,NA,NA,NA,NA,NA,NA,NA,NA,NA,NA,NA,NA,NA,NA,NA,NA,NA,NA,NA,NA,NA,NA,NA,NA,NA,NA,NA,NA,NA,NA,NA,NA,NA,NA,NA,NA,NA,NA,NA,NA,NA,NA,NA,NA,NA,NA,NA,NA
23,1,1,0,1,0,0,0,0,NA,NA,NA,0,NA,NA,IMPMAP_I,0:09:46,555.56,0,16360.503403801536,1,0.75,1,12.4694,202.227,6.45112,0.616818,1.06198,-0.311755,-0.583352,0.199034,-0.157807,2.41689,44.8989,25.5324,10.0212,117.577,29.9744,169.086,27.2579,1.44763,0.208135,0.45017,0.158778,0.0779171,0.0001,0.57761,0.286077,0.312549,0.145899,0.122579,0.136406,-0.0165872,0.00160922,0.0236062,0.137008,-0.213852,-0.0430795,0.272881,-0.40393,166.044,0.244372,0.0893095,0.213423,0.188421,16.2672,98.0216,-0.182907,-0.252446,-0.152856,-0.166993,-7.97552,-1.84037,27.0725,4.38894,3.26994,4.10841,1.37416,-114.881,-10.3614,-2.79597,564.138,0.759697,0.454231,1.04222,0.175639,24.6869,6.57577,-5.11467,73.9946,40.7694,3.60436,3.17507,3.26593,-0.077285,-7.18907,0.56668,0.568447,60.5044,0.758899,101.932,1.23293,0.665533,0.731412,0.519374,12.6971,107.017,1.93454,20.1761,16.597,6.86719,197.483,-0.173,-0.13605,-0.117058,0.000356947,0.057815,-0.567847,-0.130492,-0.759781,-0.255412,-3.23856,-0.948846,0.247075,0.019435,0.0313898,0.026349,-0.00297974,-1.18562,-0.176082,-0.0132022,0.452395,-0.0839197,0.901899,-0.72372,-0.00974159,0.165366,-0.0219699,-0.0363752,-0.0549072,0.0251744,-0.558603,-0.0316151,0.144664,-0.785578,-0.459778,-1.40391,0.701428,0.0083252,-0.0827309,0.247804,0.0307945,-0.000614253,0.0106986,-0.00347332,-0.214628,1.27261,1.11654,0.689053,0.196732,0.193635,2.71716,-0.017473,-0.0123268,0.0136704,0.13436,0.0451957,1e-07,NA,NA,NA,NA,NA,NA,NA,NA,NA,NA,NA,NA,NA,NA,NA,NA,NA,NA,NA,NA,NA,NA,NA,NA,NA,NA,NA,NA,NA,NA,NA,NA,NA,NA,NA,NA,NA,NA,NA,NA,NA,NA,NA,NA,NA,NA,NA,NA,NA,NA,NA,NA,NA,NA,NA,NA,NA,NA,NA,NA,NA,NA,NA,NA,NA,NA,NA,NA,NA,NA,NA,NA,NA,NA,NA,NA,NA,NA,NA,NA,NA,NA,NA,NA,NA,NA,NA,NA,NA,NA,NA,NA,NA,NA,NA,NA,NA,NA,NA,NA,NA,NA,NA,NA,NA,NA,NA,NA,NA,NA,NA,NA,NA,NA,NA,NA,NA,NA,NA,NA,NA,NA,NA,NA,NA,NA,NA,NA,NA,NA,NA,NA,NA,NA,NA,NA,NA,NA,NA,NA,NA,NA,NA,NA,NA,NA,NA,NA,NA,NA,NA,NA,NA,NA,NA,NA,NA,NA,NA,NA,NA,NA,NA,NA,NA,NA,NA,NA,NA,NA,NA,NA,NA,NA,NA,NA,NA,NA,NA,NA,NA,NA,NA,NA,NA,NA,NA,NA,NA,NA,NA,NA,NA,NA,NA,NA,NA,NA,NA,NA,NA,NA,NA,NA,NA,NA,NA,NA,NA,NA,NA,NA,NA,NA,NA,NA,NA,NA,NA,NA,NA,NA,NA,NA,NA,NA,NA,NA,NA,NA,NA,NA,NA,NA,NA,NA,NA,NA,NA,NA,NA,NA,NA,NA,NA,NA,NA,NA,NA,NA,NA,NA,NA,NA,NA,NA,NA,NA,NA,NA,NA,NA,NA,NA,NA,NA,NA,NA,NA,NA,NA,NA,NA,NA,NA,NA,NA,NA,NA,NA,NA,NA,NA,NA,NA,NA,NA,NA,NA,NA,NA,NA,NA,NA,NA,NA,NA,NA,NA,NA,NA,NA,NA,NA,NA,NA,NA,NA,NA,NA,NA,NA,NA,NA
24,1,1,0,1,0,0,0,0,NA,NA,NA,0,NA,NA,IMPMAP_I,0:08:45,497.33,0,15961.058420471663,1,0.75,1,13.1462,207.912,6.50873,0.616729,1.30524,-0.341923,-0.523882,0.207947,-0.159345,2.90587,44.2327,24.5992,9.63657,119.505,30.662,169.324,26.6241,1.43163,0.194624,0.434195,0.150844,0.0728099,0.0001,0.567764,0.294791,0.322781,0.162689,0.135055,0.137867,-0.0173822,0.0337255,0.0321382,0.182131,-0.0121221,-0.333903,0.428741,-0.370752,185.412,0.498767,0.303975,0.188494,0.316015,19.8666,89.1588,-0.0341802,-0.257704,-0.0313762,-0.32621,-8.90091,-2.15633,22.2758,4.45733,3.60029,3.76692,1.10028,-127.652,-13.5424,-10.3047,571.377,0.983508,0.767249,1.0583,0.23585,28.0822,6.4243,-4.73004,76.9501,42.0469,4.05919,3.22911,3.28188,-0.116411,-7.06146,-1.31419,4.74121,51.0914,-0.4207,104.635,1.34204,0.898706,0.680679,0.79631,21.9785,102.787,-0.736246,7.80551,14.6073,4.50078,191.298,-0.179109,-0.13755,-0.114125,-0.00863872,-0.373275,-0.54045,-0.426881,0.340534,-0.152134,-3.24186,-1.11411,0.24495,0.0119661,0.0131861,0.0185149,0.00263235,-1.34181,-0.111482,0.227944,0.403221,-0.148495,0.683265,-0.652225,-0.00177952,0.157166,-0.0287358,-0.0225233,-0.0368277,0.00857654,-0.936725,-0.0952848,-0.018967,0.288218,-0.299138,-0.894703,0.924925,-0.0178984,-0.0803939,0.245908,0.0208483,-0.00512733,0.00953449,-0.00516163,-0.00580722,1.13155,0.99824,-0.151244,0.186053,0.165786,2.29665,-0.0253517,0.00694575,0.00588977,0.128709,0.0418178,1e-07,NA,NA,NA,NA,NA,NA,NA,NA,NA,NA,NA,NA,NA,NA,NA,NA,NA,NA,NA,NA,NA,NA,NA,NA,NA,NA,NA,NA,NA,NA,NA,NA,NA,NA,NA,NA,NA,NA,NA,NA,NA,NA,NA,NA,NA,NA,NA,NA,NA,NA,NA,NA,NA,NA,NA,NA,NA,NA,NA,NA,NA,NA,NA,NA,NA,NA,NA,NA,NA,NA,NA,NA,NA,NA,NA,NA,NA,NA,NA,NA,NA,NA,NA,NA,NA,NA,NA,NA,NA,NA,NA,NA,NA,NA,NA,NA,NA,NA,NA,NA,NA,NA,NA,NA,NA,NA,NA,NA,NA,NA,NA,NA,NA,NA,NA,NA,NA,NA,NA,NA,NA,NA,NA,NA,NA,NA,NA,NA,NA,NA,NA,NA,NA,NA,NA,NA,NA,NA,NA,NA,NA,NA,NA,NA,NA,NA,NA,NA,NA,NA,NA,NA,NA,NA,NA,NA,NA,NA,NA,NA,NA,NA,NA,NA,NA,NA,NA,NA,NA,NA,NA,NA,NA,NA,NA,NA,NA,NA,NA,NA,NA,NA,NA,NA,NA,NA,NA,NA,NA,NA,NA,NA,NA,NA,NA,NA,NA,NA,NA,NA,NA,NA,NA,NA,NA,NA,NA,NA,NA,NA,NA,NA,NA,NA,NA,NA,NA,NA,NA,NA,NA,NA,NA,NA,NA,NA,NA,NA,NA,NA,NA,NA,NA,NA,NA,NA,NA,NA,NA,NA,NA,NA,NA,NA,NA,NA,NA,NA,NA,NA,NA,NA,NA,NA,NA,NA,NA,NA,NA,NA,NA,NA,NA,NA,NA,NA,NA,NA,NA,NA,NA,NA,NA,NA,NA,NA,NA,NA,NA,NA,NA,NA,NA,NA,NA,NA,NA,NA,NA,NA,NA,NA,NA,NA,NA,NA,NA,NA,NA,NA,NA,NA,NA,NA,NA,NA,NA,NA,NA,NA,NA,NA,NA,NA
25,1,1,0,1,0,0,0,0,NA,NA,NA,0,NA,NA,IMPMAP_I,0:09:01,512.7,0,15326.387407558295,1,0.75,1,12.9514,208.105,6.61223,0.617006,0.998277,-0.319414,-0.471867,0.225231,-0.13719,2.99997,43.5546,24.5225,10.0536,120.215,30.4543,169.388,26.5742,1.43704,0.193537,0.437018,0.143118,0.0774327,0.0001,0.483045,0.231246,0.282463,0.125699,0.110262,0.134207,-0.0475258,-0.0194641,0.0290685,0.159913,1.13731,0.903637,0.577225,0.283319,179.058,0.135813,0.21511,0.19967,0.602645,18.6078,102.32,0.185128,-0.208208,-0.0374096,-0.180708,-9.31627,0.457744,24.3693,3.09498,2.53855,4.01922,0.286841,-127.075,-19.9183,-17.7888,617.778,0.942252,0.729457,1.00855,0.157922,20.9976,4.09395,-5.63357,82.0339,37.2049,3.07525,2.73098,3.21057,0.0107795,-0.716325,0.0124457,4.6272,58.4847,1.94849,99.5812,0.300649,0.410776,0.538998,1.31047,17.7268,118.504,4.38392,1.76492,9.42823,2.65442,208.699,-0.136437,-0.119389,-0.112467,-0.0075851,-0.322006,-0.493222,-0.506736,-0.120471,-0.208359,-3.12897,-0.814851,0.246746,0.0380395,0.0260364,0.0265515,-0.00294642,-0.833907,0.143082,0.0984655,0.318769,0.0946952,0.792385,-0.604554,-0.00798956,0.155807,-0.0719672,-0.0544064,-0.0693374,0.0130586,-1.34639,-0.0491538,0.134027,-0.725276,-0.599201,-1.67216,0.760749,0.019385,-0.0762519,0.246571,0.0301384,0.00658331,0.00748081,0.0131865,-0.106465,1.14546,1.08051,-0.401563,-0.0366029,0.198219,2.25337,-0.0194063,0.00187696,0.0157577,0.122335,0.0400107,1e-07,NA,NA,NA,NA,NA,NA,NA,NA,NA,NA,NA,NA,NA,NA,NA,NA,NA,NA,NA,NA,NA,NA,NA,NA,NA,NA,NA,NA,NA,NA,NA,NA,NA,NA,NA,NA,NA,NA,NA,NA,NA,NA,NA,NA,NA,NA,NA,NA,NA,NA,NA,NA,NA,NA,NA,NA,NA,NA,NA,NA,NA,NA,NA,NA,NA,NA,NA,NA,NA,NA,NA,NA,NA,NA,NA,NA,NA,NA,NA,NA,NA,NA,NA,NA,NA,NA,NA,NA,NA,NA,NA,NA,NA,NA,NA,NA,NA,NA,NA,NA,NA,NA,NA,NA,NA,NA,NA,NA,NA,NA,NA,NA,NA,NA,NA,NA,NA,NA,NA,NA,NA,NA,NA,NA,NA,NA,NA,NA,NA,NA,NA,NA,NA,NA,NA,NA,NA,NA,NA,NA,NA,NA,NA,NA,NA,NA,NA,NA,NA,NA,NA,NA,NA,NA,NA,NA,NA,NA,NA,NA,NA,NA,NA,NA,NA,NA,NA,NA,NA,NA,NA,NA,NA,NA,NA,NA,NA,NA,NA,NA,NA,NA,NA,NA,NA,NA,NA,NA,NA,NA,NA,NA,NA,NA,NA,NA,NA,NA,NA,NA,NA,NA,NA,NA,NA,NA,NA,NA,NA,NA,NA,NA,NA,NA,NA,NA,NA,NA,NA,NA,NA,NA,NA,NA,NA,NA,NA,NA,NA,NA,NA,NA,NA,NA,NA,NA,NA,NA,NA,NA,NA,NA,NA,NA,NA,NA,NA,NA,NA,NA,NA,NA,NA,NA,NA,NA,NA,NA,NA,NA,NA,NA,NA,NA,NA,NA,NA,NA,NA,NA,NA,NA,NA,NA,NA,NA,NA,NA,NA,NA,NA,NA,NA,NA,NA,NA,NA,NA,NA,NA,NA,NA,NA,NA,NA,NA,NA,NA,NA,NA,NA,NA,NA,NA,NA,NA,NA,NA,NA,NA,NA,NA,NA,NA
26,1,1,0,1,0,0,0,0,NA,NA,NA,0,NA,NA,IMPMAP_I,0:09:09,520.09,0,16095.044005974343,1,0.75,1,12.8515,205.656,6.56109,0.616795,1.63843,-0.320509,-0.483044,0.241799,-0.137893,2.99997,44.8381,24.7616,9.80373,118.845,30.4292,169.131,26.8241,1.4639,0.219426,0.438883,0.158212,0.0842153,0.0001,0.536976,0.267758,0.300602,0.139325,0.112652,0.133843,-0.0388941,-0.00122963,0.0177002,0.164388,0.764153,0.445814,0.779955,-0.00200659,165.97,1.04673,0.612126,0.300794,0.356825,26.374,85.1471,0.139674,-0.0833674,-0.157041,0.0150904,-9.0688,1.15476,28.0763,3.42458,3.13173,4.11946,1.56465,-96.8962,-13.312,-21.8329,598.794,1.40918,1.07269,1.20879,0.293972,22.519,9.25739,-9.53883,94.1884,45.885,3.07117,2.42178,3.10542,-0.53697,6.98354,-0.491858,2.34973,44.7803,0.347615,101.131,1.70483,0.959219,0.749313,0.638421,27.6926,97.7426,5.50618,8.23153,16.6585,4.78832,195.449,-0.16594,-0.124501,-0.109581,-0.00408683,-0.507922,-0.649338,-0.472472,0.392593,-0.119113,-3.13421,-1.28384,0.248889,0.0232801,0.0141676,0.02196,-0.0164319,-1.0864,-0.203882,0.114812,0.780778,0.246223,0.582201,-1.08996,-0.00133468,0.171699,-0.057538,-0.0380136,-0.0580466,0.0236845,-0.894516,-0.0905778,0.0455252,-0.928685,-0.811964,-1.25029,0.584431,-0.00480589,-0.0852659,0.246512,0.026946,0.000266188,0.00223472,0.0101092,-0.223806,0.952218,1.23264,-0.198221,-0.0926382,0.0339178,2.4521,-0.0217832,-0.00146419,0.00564783,0.1336,0.0418458,1e-07,NA,NA,NA,NA,NA,NA,NA,NA,NA,NA,NA,NA,NA,NA,NA,NA,NA,NA,NA,NA,NA,NA,NA,NA,NA,NA,NA,NA,NA,NA,NA,NA,NA,NA,NA,NA,NA,NA,NA,NA,NA,NA,NA,NA,NA,NA,NA,NA,NA,NA,NA,NA,NA,NA,NA,NA,NA,NA,NA,NA,NA,NA,NA,NA,NA,NA,NA,NA,NA,NA,NA,NA,NA,NA,NA,NA,NA,NA,NA,NA,NA,NA,NA,NA,NA,NA,NA,NA,NA,NA,NA,NA,NA,NA,NA,NA,NA,NA,NA,NA,NA,NA,NA,NA,NA,NA,NA,NA,NA,NA,NA,NA,NA,NA,NA,NA,NA,NA,NA,NA,NA,NA,NA,NA,NA,NA,NA,NA,NA,NA,NA,NA,NA,NA,NA,NA,NA,NA,NA,NA,NA,NA,NA,NA,NA,NA,NA,NA,NA,NA,NA,NA,NA,NA,NA,NA,NA,NA,NA,NA,NA,NA,NA,NA,NA,NA,NA,NA,NA,NA,NA,NA,NA,NA,NA,NA,NA,NA,NA,NA,NA,NA,NA,NA,NA,NA,NA,NA,NA,NA,NA,NA,NA,NA,NA,NA,NA,NA,NA,NA,NA,NA,NA,NA,NA,NA,NA,NA,NA,NA,NA,NA,NA,NA,NA,NA,NA,NA,NA,NA,NA,NA,NA,NA,NA,NA,NA,NA,NA,NA,NA,NA,NA,NA,NA,NA,NA,NA,NA,NA,NA,NA,NA,NA,NA,NA,NA,NA,NA,NA,NA,NA,NA,NA,NA,NA,NA,NA,NA,NA,NA,NA,NA,NA,NA,NA,NA,NA,NA,NA,NA,NA,NA,NA,NA,NA,NA,NA,NA,NA,NA,NA,NA,NA,NA,NA,NA,NA,NA,NA,NA,NA,NA,NA,NA,NA,NA,NA,NA,NA,NA,NA,NA,NA,NA,NA,NA,NA,NA,NA,NA,NA,NA,NA
27,1,1,0,1,0,0,0,0,NA,NA,NA,0,NA,NA,IMPMAP_I,0:12:56,749.47,0,15481.405199174751,1,0.75,1,13.1844,201.881,6.74141,0.616868,1.48918,-0.37811,-0.529361,0.242918,-0.145006,2.99997,43.7903,24.3923,10.092,116.918,29.76,168.948,26.1862,1.457,0.222858,0.45662,0.151066,0.0660369,0.0001,0.528819,0.250794,0.270393,0.163957,0.128659,0.144996,-0.00780732,-0.00168097,0.0342427,0.161255,1.41459,0.802364,0.484838,0.0825163,172.946,1.0254,0.64041,0.236835,0.322991,22.6702,73.6907,-0.150832,-0.374738,-0.142441,-0.192384,-14.1246,-2.15262,25.6953,4.12407,3.11552,4.31662,1.38873,-129.247,-6.00104,-0.276466,609.864,1.50615,0.947537,0.979683,0.248657,23.0135,6.23073,-5.80313,74.8987,36.5983,3.63001,3.06311,3.50037,0.0625213,-4.63425,0.0444534,1.51533,65.1528,-0.0853848,109.59,2.07885,1.44043,0.969556,0.740947,23.576,92.6833,0.0158909,22.4835,13.3704,14.0124,186.875,-0.158824,-0.119868,-0.119862,0.00311739,-0.147965,-0.395352,-0.258067,-0.649352,-0.24353,-3.3912,-1.3401,0.24786,0.0136369,0.0154815,0.0204945,0.00500193,-1.02554,-0.219657,0.138819,0.380932,-0.028949,0.650752,-1.03389,0.00159225,0.173759,-0.0626183,-0.0578457,-0.0547658,-0.000693773,-1.29626,0.0270703,0.141829,-0.34418,-0.49971,-1.21052,0.958893,-0.0067978,-0.0877285,0.248215,0.0441551,0.0104033,0.00983484,0.00936292,-0.0839846,0.990881,1.08075,0.505395,0.0207964,0.206368,2.19326,-0.0164675,-0.00248907,0.0215801,0.129847,0.0412965,1e-07,NA,NA,NA,NA,NA,NA,NA,NA,NA,NA,NA,NA,NA,NA,NA,NA,NA,NA,NA,NA,NA,NA,NA,NA,NA,NA,NA,NA,NA,NA,NA,NA,NA,NA,NA,NA,NA,NA,NA,NA,NA,NA,NA,NA,NA,NA,NA,NA,NA,NA,NA,NA,NA,NA,NA,NA,NA,NA,NA,NA,NA,NA,NA,NA,NA,NA,NA,NA,NA,NA,NA,NA,NA,NA,NA,NA,NA,NA,NA,NA,NA,NA,NA,NA,NA,NA,NA,NA,NA,NA,NA,NA,NA,NA,NA,NA,NA,NA,NA,NA,NA,NA,NA,NA,NA,NA,NA,NA,NA,NA,NA,NA,NA,NA,NA,NA,NA,NA,NA,NA,NA,NA,NA,NA,NA,NA,NA,NA,NA,NA,NA,NA,NA,NA,NA,NA,NA,NA,NA,NA,NA,NA,NA,NA,NA,NA,NA,NA,NA,NA,NA,NA,NA,NA,NA,NA,NA,NA,NA,NA,NA,NA,NA,NA,NA,NA,NA,NA,NA,NA,NA,NA,NA,NA,NA,NA,NA,NA,NA,NA,NA,NA,NA,NA,NA,NA,NA,NA,NA,NA,NA,NA,NA,NA,NA,NA,NA,NA,NA,NA,NA,NA,NA,NA,NA,NA,NA,NA,NA,NA,NA,NA,NA,NA,NA,NA,NA,NA,NA,NA,NA,NA,NA,NA,NA,NA,NA,NA,NA,NA,NA,NA,NA,NA,NA,NA,NA,NA,NA,NA,NA,NA,NA,NA,NA,NA,NA,NA,NA,NA,NA,NA,NA,NA,NA,NA,NA,NA,NA,NA,NA,NA,NA,NA,NA,NA,NA,NA,NA,NA,NA,NA,NA,NA,NA,NA,NA,NA,NA,NA,NA,NA,NA,NA,NA,NA,NA,NA,NA,NA,NA,NA,NA,NA,NA,NA,NA,NA,NA,NA,NA,NA,NA,NA,NA,NA,NA,NA,NA,NA,NA,NA,NA,NA
28,1,1,0,1,0,0,0,0,NA,NA,NA,0,NA,NA,IMPMAP_I,0:11:42,672.42,0,16230.975978843879,1,0.75,1,13.0283,201.319,6.2917,0.616773,1.17861,-0.387063,-0.541585,0.208519,-0.139725,2.68484,44.4082,25.4433,9.82486,117.709,30.3174,168.787,28.167,1.4571,0.165884,0.445035,0.13531,0.0712426,0.0001,0.51799,0.272038,0.317012,0.153748,0.119506,0.136267,-0.0194398,0.000722398,0.0227302,0.149153,0.906395,0.243207,0.729554,-0.235598,178.114,-0.218072,-0.217448,0.151183,0.245464,15.5383,110.513,0.0599377,-0.141239,-0.106413,-0.0721847,-7.22759,3.87875,26.4468,3.79025,2.70029,3.84774,0.854601,-127.513,-25.9512,-22.8147,614.871,1.31306,0.677305,1.0873,0.187201,23.7853,0.444701,-8.89266,82.2238,41.0995,3.56795,2.9692,3.2247,-0.198729,5.82071,3.3816,4.03603,49.214,1.26508,101.034,0.347736,0.299782,0.628015,0.754441,13.1761,133.317,10.361,4.19279,4.41275,11.0553,245.399,-0.146742,-0.112672,-0.115035,0.00084981,-0.572111,-0.694276,-0.507115,0.172158,-0.117857,-3.3269,-1.29135,0.248223,0.0338549,0.0302733,0.0151441,0.0114095,-0.953685,-0.0549304,0.163942,-0.22638,-0.0973103,0.480952,-0.534101,0.00140066,0.139083,-0.0459772,-0.0384299,-0.0428623,0.0218271,-1.05171,0.0295072,0.088285,1.09381,-0.338758,-1.08702,0.811386,0.00442244,-0.0726986,0.24721,0.0234388,0.00300826,0.00652317,0.014826,-0.0779282,1.32463,1.08844,-0.381289,-0.14875,0.219306,2.83591,-0.0196602,0.00537728,0.0139329,0.117562,0.0421127,1e-07,NA,NA,NA,NA,NA,NA,NA,NA,NA,NA,NA,NA,NA,NA,NA,NA,NA,NA,NA,NA,NA,NA,NA,NA,NA,NA,NA,NA,NA,NA,NA,NA,NA,NA,NA,NA,NA,NA,NA,NA,NA,NA,NA,NA,NA,NA,NA,NA,NA,NA,NA,NA,NA,NA,NA,NA,NA,NA,NA,NA,NA,NA,NA,NA,NA,NA,NA,NA,NA,NA,NA,NA,NA,NA,NA,NA,NA,NA,NA,NA,NA,NA,NA,NA,NA,NA,NA,NA,NA,NA,NA,NA,NA,NA,NA,NA,NA,NA,NA,NA,NA,NA,NA,NA,NA,NA,NA,NA,NA,NA,NA,NA,NA,NA,NA,NA,NA,NA,NA,NA,NA,NA,NA,NA,NA,NA,NA,NA,NA,NA,NA,NA,NA,NA,NA,NA,NA,NA,NA,NA,NA,NA,NA,NA,NA,NA,NA,NA,NA,NA,NA,NA,NA,NA,NA,NA,NA,NA,NA,NA,NA,NA,NA,NA,NA,NA,NA,NA,NA,NA,NA,NA,NA,NA,NA,NA,NA,NA,NA,NA,NA,NA,NA,NA,NA,NA,NA,NA,NA,NA,NA,NA,NA,NA,NA,NA,NA,NA,NA,NA,NA,NA,NA,NA,NA,NA,NA,NA,NA,NA,NA,NA,NA,NA,NA,NA,NA,NA,NA,NA,NA,NA,NA,NA,NA,NA,NA,NA,NA,NA,NA,NA,NA,NA,NA,NA,NA,NA,NA,NA,NA,NA,NA,NA,NA,NA,NA,NA,NA,NA,NA,NA,NA,NA,NA,NA,NA,NA,NA,NA,NA,NA,NA,NA,NA,NA,NA,NA,NA,NA,NA,NA,NA,NA,NA,NA,NA,NA,NA,NA,NA,NA,NA,NA,NA,NA,NA,NA,NA,NA,NA,NA,NA,NA,NA,NA,NA,NA,NA,NA,NA,NA,NA,NA,NA,NA,NA,NA,NA,NA,NA,NA,NA,NA
29,1,1,0,1,0,0,0,0,NA,NA,NA,0,NA,NA,IMPMAP_I,0:10:46,305.68,0,16502.876492589188,1,0.75,1,12.9845,207.672,6.64348,0.617053,1.1451,-0.335278,-0.513395,0.236518,-0.151656,2.99997,44.3566,24.6901,9.61345,119.121,30.4494,169.31,26.7124,1.45302,0.201861,0.459104,0.149503,0.0869563,0.0001,0.557591,0.273028,0.294975,0.149479,0.124118,0.140998,-0.0114141,-0.00095466,0.0289061,0.133046,0.86901,0.398347,0.627159,-0.10825,166.168,0.523507,0.28085,0.270832,0.24233,24.1952,84.1413,0.0380479,-0.294408,-0.0830494,-0.211075,-9.13509,-3.63136,23.6258,3.70808,3.19339,4.20324,1.27734,-112.827,-11.0695,-8.65926,570.183,1.07607,0.600885,1.03865,0.235126,23.3157,6.92798,-4.67387,73.9393,37.779,3.52153,3.17899,3.37692,0.0514026,1.7607,1.01651,2.41517,65.8826,2.16369,103.641,1.52879,0.696532,1.01198,0.495577,27.9055,95.025,-0.895589,30.7085,18.5529,12.6796,200.666,-0.164465,-0.13011,-0.118853,-0.00160767,-0.270018,-0.688073,-0.435823,-0.203299,-0.255591,-3.31239,-1.49894,0.248031,0.00988976,0.00816107,0.0130235,-0.00198595,-1.22462,-0.248919,0.164062,0.659636,-0.0353839,0.443895,-0.949405,0.00215647,0.161372,-0.0463928,-0.0300366,-0.0592733,0.00379076,-0.985032,-0.16876,0.0296817,-0.772713,-0.456404,-1.39306,0.558021,0.0152095,-0.0762615,0.248645,0.0324639,-0.00500018,0.00986333,-0.00349791,0.105202,0.993662,0.97947,0.246951,0.11339,0.177691,2.44601,-0.0319947,-0.00276387,0.0027398,0.127484,0.0422026,1e-07,NA,NA,NA,NA,NA,NA,NA,NA,NA,NA,NA,NA,NA,NA,NA,NA,NA,NA,NA,NA,NA,NA,NA,NA,NA,NA,NA,NA,NA,NA,NA,NA,NA,NA,NA,NA,NA,NA,NA,NA,NA,NA,NA,NA,NA,NA,NA,NA,NA,NA,NA,NA,NA,NA,NA,NA,NA,NA,NA,NA,NA,NA,NA,NA,NA,NA,NA,NA,NA,NA,NA,NA,NA,NA,NA,NA,NA,NA,NA,NA,NA,NA,NA,NA,NA,NA,NA,NA,NA,NA,NA,NA,NA,NA,NA,NA,NA,NA,NA,NA,NA,NA,NA,NA,NA,NA,NA,NA,NA,NA,NA,NA,NA,NA,NA,NA,NA,NA,NA,NA,NA,NA,NA,NA,NA,NA,NA,NA,NA,NA,NA,NA,NA,NA,NA,NA,NA,NA,NA,NA,NA,NA,NA,NA,NA,NA,NA,NA,NA,NA,NA,NA,NA,NA,NA,NA,NA,NA,NA,NA,NA,NA,NA,NA,NA,NA,NA,NA,NA,NA,NA,NA,NA,NA,NA,NA,NA,NA,NA,NA,NA,NA,NA,NA,NA,NA,NA,NA,NA,NA,NA,NA,NA,NA,NA,NA,NA,NA,NA,NA,NA,NA,NA,NA,NA,NA,NA,NA,NA,NA,NA,NA,NA,NA,NA,NA,NA,NA,NA,NA,NA,NA,NA,NA,NA,NA,NA,NA,NA,NA,NA,NA,NA,NA,NA,NA,NA,NA,NA,NA,NA,NA,NA,NA,NA,NA,NA,NA,NA,NA,NA,NA,NA,NA,NA,NA,NA,NA,NA,NA,NA,NA,NA,NA,NA,NA,NA,NA,NA,NA,NA,NA,NA,NA,NA,NA,NA,NA,NA,NA,NA,NA,NA,NA,NA,NA,NA,NA,NA,NA,NA,NA,NA,NA,NA,NA,NA,NA,NA,NA,NA,NA,NA,NA,NA,NA,NA,NA,NA,NA,NA,NA,NA,NA
30,1,1,0,1,0,0,0,0,NA,NA,NA,0,NA,NA,IMPMAP_I,0:14:26,478.46,0,15735.918137991512,1,0.75,1,12.8115,209.454,6.48177,0.616696,1.14651,-0.31978,-0.446363,0.25226,-0.142393,2.99997,43.5234,24.396,10.292,118.904,30.212,169.844,26.0746,1.40944,0.200454,0.436174,0.155311,0.0740331,0.0001,0.63341,0.31134,0.299768,0.176444,0.126911,0.136621,-0.0380674,-0.00501986,0.0175744,0.127257,-0.288481,-0.136786,0.430633,-0.343459,175.266,0.562776,0.327125,0.1391,0.322922,13.3474,72.7437,0.374169,0.0244128,0.0132412,-0.248646,-7.75799,-3.77348,26.5771,5.91796,4.08971,4.33159,1.60147,-126.387,-4.91567,-10.0036,615.577,0.8434,0.62843,1.07603,0.288836,21.1673,4.65211,-4.5145,81.9664,38.4084,4.66053,3.23912,3.26897,-0.302726,-0.0637207,-1.05611,5.5168,58.7456,3.02184,101.133,0.973638,0.425854,0.644311,0.165173,10.699,74.9397,2.97623,37.1996,12.2582,9.18285,157.306,-0.191038,-0.131156,-0.116253,0.0100602,-0.211318,-0.408141,-0.349045,-0.586003,-0.172145,-3.35222,-0.971163,0.24334,0.0218689,0.016437,0.0229994,-0.0109594,-0.941519,0.0220692,0.200997,0.421974,0.053766,0.751334,-0.445521,-0.0082218,0.160056,-0.0613937,-0.0443433,-0.0437333,0.00969394,-1.27463,-0.144177,-0.0405862,0.522905,-0.313154,-1.0815,0.830884,-0.0034374,-0.0765462,0.246537,0.0392386,0.00304754,0.00855362,-0.0101961,-0.207321,0.510144,1.25888,0.0489365,-0.0474264,0.345742,1.57024,-0.0169339,0.00670968,0.000484599,0.130433,0.0426936,1e-07,NA,NA,NA,NA,NA,NA,NA,NA,NA,NA,NA,NA,NA,NA,NA,NA,NA,NA,NA,NA,NA,NA,NA,NA,NA,NA,NA,NA,NA,NA,NA,NA,NA,NA,NA,NA,NA,NA,NA,NA,NA,NA,NA,NA,NA,NA,NA,NA,NA,NA,NA,NA,NA,NA,NA,NA,NA,NA,NA,NA,NA,NA,NA,NA,NA,NA,NA,NA,NA,NA,NA,NA,NA,NA,NA,NA,NA,NA,NA,NA,NA,NA,NA,NA,NA,NA,NA,NA,NA,NA,NA,NA,NA,NA,NA,NA,NA,NA,NA,NA,NA,NA,NA,NA,NA,NA,NA,NA,NA,NA,NA,NA,NA,NA,NA,NA,NA,NA,NA,NA,NA,NA,NA,NA,NA,NA,NA,NA,NA,NA,NA,NA,NA,NA,NA,NA,NA,NA,NA,NA,NA,NA,NA,NA,NA,NA,NA,NA,NA,NA,NA,NA,NA,NA,NA,NA,NA,NA,NA,NA,NA,NA,NA,NA,NA,NA,NA,NA,NA,NA,NA,NA,NA,NA,NA,NA,NA,NA,NA,NA,NA,NA,NA,NA,NA,NA,NA,NA,NA,NA,NA,NA,NA,NA,NA,NA,NA,NA,NA,NA,NA,NA,NA,NA,NA,NA,NA,NA,NA,NA,NA,NA,NA,NA,NA,NA,NA,NA,NA,NA,NA,NA,NA,NA,NA,NA,NA,NA,NA,NA,NA,NA,NA,NA,NA,NA,NA,NA,NA,NA,NA,NA,NA,NA,NA,NA,NA,NA,NA,NA,NA,NA,NA,NA,NA,NA,NA,NA,NA,NA,NA,NA,NA,NA,NA,NA,NA,NA,NA,NA,NA,NA,NA,NA,NA,NA,NA,NA,NA,NA,NA,NA,NA,NA,NA,NA,NA,NA,NA,NA,NA,NA,NA,NA,NA,NA,NA,NA,NA,NA,NA,NA,NA,NA,NA,NA,NA,NA,NA,NA,NA,NA,NA,NA
