"model","problem","subproblem","covariance_step_run","minimization_successful","covariance_step_successful","covariance_step_warnings","estimate_near_boundary","rounding_errors","zero_gradients","final_zero_gradients","hessian_reset","s_matrix_singular","significant_digits","condition_number","est_methods","model_run_time","subprob_est_time","subprob_cov_time","ofv","1. TVFREL","2. WT coef on TVCL","3. WT coef on TVV","4. TVCL","5. TVV","6. TVMAT","7 TVD1","GENO2=1 on CL","GENO3=1 on CL","GENO4=1 on CL","CLFOOD1","FRELFORM1","FRELGENO41","FRELSEX1","1. IIV on RUV","2. IIV on FREL","3. IIV on CL","4. IIV on V","5. IIV on MAT","1. RUV","se1. TVFREL","se2. WT coef on TVCL","se3. WT coef on TVV","se4. TVCL","se5. TVV","se6. TVMAT","se7 TVD1","seGENO2=1 on CL","seGENO3=1 on CL","seGENO4=1 on CL","seCLFOOD1","seFRELFORM1","seFRELGENO41","seFRELSEX1","se1. IIV on RUV","se2. IIV on FREL","se3. IIV on CL","se4. IIV on V","se5. IIV on MAT","se1. RUV","shrinkage_eta1(%)","shrinkage_eta2(%)","shrinkage_eta3(%)","shrinkage_eta4(%)","shrinkage_eta5(%)","shrinkage_iwres(%)","EI1","EI2","EI3","EI4","EI5","EI6","EI7","EI8","EI9","EI10","EI11","EI12","EI13","EI14","EI15","EI16","EI17","EI18","EI19","EI20"
0,1,1,0,1,0,0,0,0,0,0,1,0,3.1,NA,FOCE_I,0:01:09,56.93,0,-7299.6992461407881,1,0.75,1,11.9073,191.231,6.46561,0.616452,1.24397,-0.335273,-0.515272,0.252272,-0.144547,2.63896,-0.138916,0.0257308,0.25561,0.0476162,0.158696,0.143507,0.0443912,NA,NA,NA,NA,NA,NA,NA,NA,NA,NA,NA,NA,NA,NA,NA,NA,NA,NA,NA,NA,NA,NA,NA,NA,NA,NA,NA,NA,NA,NA,NA,NA,NA,NA,NA,NA,NA,NA,NA,NA,NA,NA,NA,NA,NA,NA
1,1,1,0,0,0,0,0,1,0,0,0,0,3,NA,FOCE_I,0:04:12,232.52,0,-7876.4210085501900,1,0.75,1,12.4461,203.82,6.4575,0.612526,1.23004,-0.322413,-0.521494,0.282112,-0.139295,2.38148,-0.094233,0.0282364,0.231645,0.0477923,0.166144,0.150444,0.0449928,NA,NA,NA,NA,NA,NA,NA,NA,NA,NA,NA,NA,NA,NA,NA,NA,NA,NA,NA,NA,NA,NA,NA,NA,NA,NA,NA,NA,NA,NA,NA,NA,NA,NA,NA,NA,NA,NA,NA,NA,NA,NA,NA,NA,NA,NA
2,1,1,0,1,0,0,1,0,4,1,0,0,3.5,NA,FOCE_I,0:06:10,351.3,0,-6963.1093128851862,1,0.75,1,11.8354,190.482,6.37016,0.621898,1.05918,-0.304879,-0.497017,0.255372,-0.150483,2.99639,-0.124909,0.0275747,0.285866,0.0347719,0.154697,0.128211,0.0435044,NA,NA,NA,NA,NA,NA,NA,NA,NA,NA,NA,NA,NA,NA,NA,NA,NA,NA,NA,NA,NA,NA,NA,NA,NA,NA,NA,NA,NA,NA,NA,NA,NA,NA,NA,NA,NA,NA,NA,NA,NA,NA,NA,NA,NA,NA
3,1,1,0,1,0,0,1,0,3,1,0,0,3.4,NA,FOCE_I,0:03:55,217.18,0,-7493.6781392331759,1,0.75,1,11.6292,190.094,6.45221,0.603333,1.12528,-0.348048,-0.440062,0.234475,-0.137748,2.99639,-0.138109,0.0217874,0.260056,0.0640333,0.14268,0.154575,0.0440183,NA,NA,NA,NA,NA,NA,NA,NA,NA,NA,NA,NA,NA,NA,NA,NA,NA,NA,NA,NA,NA,NA,NA,NA,NA,NA,NA,NA,NA,NA,NA,NA,NA,NA,NA,NA,NA,NA,NA,NA,NA,NA,NA,NA,NA,NA
4,1,1,0,1,0,0,0,0,0,0,1,0,3.4,NA,FOCE_I,0:03:22,183.49,0,-7126.9151158915110,1,0.75,1,11.8862,180.559,6.75171,0.663768,1.33104,-0.350116,-0.532196,0.212965,-0.130999,2.01438,-0.184312,0.0342362,0.299515,0.045471,0.153896,0.163229,0.0426095,NA,NA,NA,NA,NA,NA,NA,NA,NA,NA,NA,NA,NA,NA,NA,NA,NA,NA,NA,NA,NA,NA,NA,NA,NA,NA,NA,NA,NA,NA,NA,NA,NA,NA,NA,NA,NA,NA,NA,NA,NA,NA,NA,NA,NA,NA
5,1,1,0,1,0,0,0,0,0,0,0,0,3.6,NA,FOCE_I,0:04:37,259,0,-6904.9508658963914,1,0.75,1,12.2011,187.782,6.46185,0.603572,1.21242,-0.32208,-0.452719,0.233253,-0.144358,2.88837,-0.0961774,0.0202978,0.297661,0.02909,0.148846,0.139863,0.0472837,NA,NA,NA,NA,NA,NA,NA,NA,NA,NA,NA,NA,NA,NA,NA,NA,NA,NA,NA,NA,NA,NA,NA,NA,NA,NA,NA,NA,NA,NA,NA,NA,NA,NA,NA,NA,NA,NA,NA,NA,NA,NA,NA,NA,NA,NA
6,1,1,0,0,0,0,0,1,0,0,0,0,NA,NA,FOCE_I,0:04:08,230.98,0,-7856.5437557247524,1,0.75,1,12.3614,194.993,6.74256,0.614742,1.03432,-0.316414,-0.515182,0.280012,-0.149123,2.98792,-0.0959569,0.0356725,0.192645,0.055588,0.163398,0.131835,0.0432821,NA,NA,NA,NA,NA,NA,NA,NA,NA,NA,NA,NA,NA,NA,NA,NA,NA,NA,NA,NA,NA,NA,NA,NA,NA,NA,NA,NA,NA,NA,NA,NA,NA,NA,NA,NA,NA,NA,NA,NA,NA,NA,NA,NA,NA,NA
7,1,1,0,1,0,0,0,0,0,0,0,0,3.2,NA,FOCE_I,0:03:17,178.2,0,-7310.2586552329039,1,0.75,1,12.0517,190.799,6.4569,0.593622,1.26664,-0.349466,-0.610578,0.267445,-0.155004,1.58743,-0.107746,0.0284413,0.294334,0.0549255,0.167406,0.133729,0.043911,NA,NA,NA,NA,NA,NA,NA,NA,NA,NA,NA,NA,NA,NA,NA,NA,NA,NA,NA,NA,NA,NA,NA,NA,NA,NA,NA,NA,NA,NA,NA,NA,NA,NA,NA,NA,NA,NA,NA,NA,NA,NA,NA,NA,NA,NA
8,1,1,0,0,0,0,0,1,0,0,0,0,3,NA,FOCE_I,0:04:00,220.42,0,-7836.1213574383819,1,0.75,1,12.5684,202.25,6.39399,0.61964,0.850388,-0.269473,-0.494961,0.247828,-0.142614,2.57938,-0.0624024,0.0279447,0.246437,0.0415769,0.124755,0.132623,0.0425043,NA,NA,NA,NA,NA,NA,NA,NA,NA,NA,NA,NA,NA,NA,NA,NA,NA,NA,NA,NA,NA,NA,NA,NA,NA,NA,NA,NA,NA,NA,NA,NA,NA,NA,NA,NA,NA,NA,NA,NA,NA,NA,NA,NA,NA,NA
9,1,1,0,1,0,0,0,0,0,0,0,0,3.2,NA,FOCE_I,0:02:28,128.92,0,-7185.3406173490130,1,0.75,1,11.9904,183.226,6.66975,0.645737,1.46403,-0.321834,-0.574658,0.24627,-0.141896,1.96555,-0.161976,0.0243341,0.283964,0.0343149,0.167191,0.137056,0.0444499,NA,NA,NA,NA,NA,NA,NA,NA,NA,NA,NA,NA,NA,NA,NA,NA,NA,NA,NA,NA,NA,NA,NA,NA,NA,NA,NA,NA,NA,NA,NA,NA,NA,NA,NA,NA,NA,NA,NA,NA,NA,NA,NA,NA,NA,NA
10,1,1,0,1,0,0,0,0,0,0,0,0,3.3,NA,FOCE_I,0:03:23,183.77,0,-7182.2388273407623,1,0.75,1,12.1618,188.788,6.42471,0.592816,1.09555,-0.372573,-0.567122,0.252698,-0.150934,2.64687,-0.153212,0.0256072,0.230642,0.0616855,0.12007,0.149513,0.0436837,NA,NA,NA,NA,NA,NA,NA,NA,NA,NA,NA,NA,NA,NA,NA,NA,NA,NA,NA,NA,NA,NA,NA,NA,NA,NA,NA,NA,NA,NA,NA,NA,NA,NA,NA,NA,NA,NA,NA,NA,NA,NA,NA,NA,NA,NA
11,1,1,0,1,0,0,0,0,0,0,0,0,4.3,NA,FOCE_I,0:03:16,175.45,0,-8216.8022660495753,1,0.75,1,11.7756,194.791,6.51319,0.621409,1.53503,-0.371692,-0.583413,0.294035,-0.145665,2.32686,-0.137712,0.0312476,0.239366,0.0423192,0.179005,0.151329,0.0434113,NA,NA,NA,NA,NA,NA,NA,NA,NA,NA,NA,NA,NA,NA,NA,NA,NA,NA,NA,NA,NA,NA,NA,NA,NA,NA,NA,NA,NA,NA,NA,NA,NA,NA,NA,NA,NA,NA,NA,NA,NA,NA,NA,NA,NA,NA
12,1,1,0,1,0,0,1,0,5,1,0,0,4.3,NA,FOCE_I,0:04:03,223.98,0,-7663.8284395722812,1,0.75,1,12.1044,200.145,6.47995,0.606496,1.25442,-0.385867,-0.517667,0.280372,-0.139523,2.99639,-0.121947,0.0276989,0.226758,0.054687,0.169361,0.152095,0.0425846,NA,NA,NA,NA,NA,NA,NA,NA,NA,NA,NA,NA,NA,NA,NA,NA,NA,NA,NA,NA,NA,NA,NA,NA,NA,NA,NA,NA,NA,NA,NA,NA,NA,NA,NA,NA,NA,NA,NA,NA,NA,NA,NA,NA,NA,NA
13,1,1,0,1,0,0,0,0,0,0,0,0,3.7,NA,FOCE_I,0:03:48,207.79,0,-7166.8474467284186,1,0.75,1,11.8474,186.748,6.73489,0.603589,0.868168,-0.32648,-0.426851,0.254472,-0.140971,2.7557,-0.165365,0.0200272,0.253069,0.0564118,0.153844,0.150171,0.0449376,NA,NA,NA,NA,NA,NA,NA,NA,NA,NA,NA,NA,NA,NA,NA,NA,NA,NA,NA,NA,NA,NA,NA,NA,NA,NA,NA,NA,NA,NA,NA,NA,NA,NA,NA,NA,NA,NA,NA,NA,NA,NA,NA,NA,NA,NA
14,1,1,0,1,0,0,1,0,4,1,0,0,3.3,NA,FOCE_I,0:04:19,239.35,0,-6802.3150725824207,1,0.75,1,12.7872,192.687,6.55011,0.62549,1.07147,-0.329407,-0.491142,0.246457,-0.127734,2.99639,-0.0651371,0.0250053,0.235271,0.0438004,0.144789,0.145314,0.0463753,NA,NA,NA,NA,NA,NA,NA,NA,NA,NA,NA,NA,NA,NA,NA,NA,NA,NA,NA,NA,NA,NA,NA,NA,NA,NA,NA,NA,NA,NA,NA,NA,NA,NA,NA,NA,NA,NA,NA,NA,NA,NA,NA,NA,NA,NA
15,1,1,0,1,0,0,0,0,0,0,0,0,3.7,NA,FOCE_I,0:04:05,227.05,0,-7152.9760906856409,1,0.75,1,11.8111,181.758,6.79085,0.653784,0.970329,-0.283027,-0.555824,0.219224,-0.140469,1.73053,-0.112551,0.021344,0.239441,0.042065,0.152044,0.154577,0.0435622,NA,NA,NA,NA,NA,NA,NA,NA,NA,NA,NA,NA,NA,NA,NA,NA,NA,NA,NA,NA,NA,NA,NA,NA,NA,NA,NA,NA,NA,NA,NA,NA,NA,NA,NA,NA,NA,NA,NA,NA,NA,NA,NA,NA,NA,NA
16,1,1,0,1,0,0,0,0,0,0,2,0,3.8,NA,FOCE_I,0:06:34,375.93,0,-7208.8838795838055,1,0.75,1,12.6412,199.542,6.32975,0.618939,0.766209,-0.291726,-0.519585,0.248307,-0.149551,2.55502,-0.152318,0.0154335,0.279571,0.0313367,0.158755,0.141626,0.0475919,NA,NA,NA,NA,NA,NA,NA,NA,NA,NA,NA,NA,NA,NA,NA,NA,NA,NA,NA,NA,NA,NA,NA,NA,NA,NA,NA,NA,NA,NA,NA,NA,NA,NA,NA,NA,NA,NA,NA,NA,NA,NA,NA,NA,NA,NA
17,1,1,0,0,0,0,0,1,0,0,0,0,2.7,NA,FOCE_I,0:03:30,192.31,0,-7646.5894225154361,1,0.75,1,12.1372,196.599,6.37079,0.636207,1.21295,-0.377682,-0.53048,0.234836,-0.144809,2.52422,-0.157074,0.0340518,0.285638,0.0328151,0.194857,0.127748,0.0422988,NA,NA,NA,NA,NA,NA,NA,NA,NA,NA,NA,NA,NA,NA,NA,NA,NA,NA,NA,NA,NA,NA,NA,NA,NA,NA,NA,NA,NA,NA,NA,NA,NA,NA,NA,NA,NA,NA,NA,NA,NA,NA,NA,NA,NA,NA
18,1,1,0,1,0,0,0,0,0,0,0,0,3.4,NA,FOCE_I,0:02:51,150.6,0,-7318.2391232246482,1,0.75,1,11.893,203.72,6.43525,0.620965,1.40602,-0.288691,-0.463659,0.276669,-0.142916,2.6611,-0.0891727,0.0230129,0.268755,0.0310083,0.208787,0.140156,0.0465008,NA,NA,NA,NA,NA,NA,NA,NA,NA,NA,NA,NA,NA,NA,NA,NA,NA,NA,NA,NA,NA,NA,NA,NA,NA,NA,NA,NA,NA,NA,NA,NA,NA,NA,NA,NA,NA,NA,NA,NA,NA,NA,NA,NA,NA,NA
19,1,1,0,1,0,0,1,0,4,1,0,0,3.8,NA,FOCE_I,0:04:14,232.37,0,-6822.3439298892772,1,0.75,1,12.2615,201.781,6.47812,0.60505,1.14583,-0.349155,-0.519105,0.267117,-0.144501,2.99639,-0.112142,0.0221118,0.252296,0.0475085,0.181795,0.143909,0.04636,NA,NA,NA,NA,NA,NA,NA,NA,NA,NA,NA,NA,NA,NA,NA,NA,NA,NA,NA,NA,NA,NA,NA,NA,NA,NA,NA,NA,NA,NA,NA,NA,NA,NA,NA,NA,NA,NA,NA,NA,NA,NA,NA,NA,NA,NA
20,1,1,0,1,0,0,0,0,0,0,1,0,3.5,NA,FOCE_I,0:03:45,204.55,0,-8024.1072483264807,1,0.75,1,11.7273,186.781,6.58321,0.617394,1.04691,-0.293412,-0.442438,0.2271,-0.151862,2.457,-0.140801,0.0348759,0.255734,0.02817,0.167257,0.138843,0.0433197,NA,NA,NA,NA,NA,NA,NA,NA,NA,NA,NA,NA,NA,NA,NA,NA,NA,NA,NA,NA,NA,NA,NA,NA,NA,NA,NA,NA,NA,NA,NA,NA,NA,NA,NA,NA,NA,NA,NA,NA,NA,NA,NA,NA,NA,NA
21,1,1,0,1,0,0,0,0,0,0,0,0,3.5,NA,FOCE_I,0:03:01,161.84,0,-7411.0846653080553,1,0.75,1,12.4046,184.345,6.50093,0.607932,1.03436,-0.327403,-0.50367,0.219605,-0.139893,2.69673,-0.195248,0.0165142,0.297229,0.0411601,0.132746,0.135893,0.0442387,NA,NA,NA,NA,NA,NA,NA,NA,NA,NA,NA,NA,NA,NA,NA,NA,NA,NA,NA,NA,NA,NA,NA,NA,NA,NA,NA,NA,NA,NA,NA,NA,NA,NA,NA,NA,NA,NA,NA,NA,NA,NA,NA,NA,NA,NA
22,1,1,0,1,0,0,1,0,9,1,0,0,3.8,NA,FOCE_I,0:02:54,155.3,0,-7400.0884819069834,1,0.75,1,12.3608,195.096,6.65918,0.635295,0.90452,-0.28082,-0.554402,0.227663,-0.157691,2.99639,-0.109867,0.0315447,0.214022,0.05398,0.186607,0.143207,0.0443366,NA,NA,NA,NA,NA,NA,NA,NA,NA,NA,NA,NA,NA,NA,NA,NA,NA,NA,NA,NA,NA,NA,NA,NA,NA,NA,NA,NA,NA,NA,NA,NA,NA,NA,NA,NA,NA,NA,NA,NA,NA,NA,NA,NA,NA,NA
23,1,1,0,1,0,0,0,0,0,0,1,0,3.1,NA,FOCE_I,0:05:06,286.72,0,-7381.2919776287790,1,0.75,1,11.985,187.755,6.41173,0.5903,1.17877,-0.359949,-0.605797,0.250293,-0.143405,1.83704,-0.149561,0.0220713,0.244143,0.0601564,0.137274,0.14792,0.0450709,NA,NA,NA,NA,NA,NA,NA,NA,NA,NA,NA,NA,NA,NA,NA,NA,NA,NA,NA,NA,NA,NA,NA,NA,NA,NA,NA,NA,NA,NA,NA,NA,NA,NA,NA,NA,NA,NA,NA,NA,NA,NA,NA,NA,NA,NA
24,1,1,0,1,0,0,1,0,8,1,0,0,3.8,NA,FOCE_I,0:03:11,170.87,0,-7139.1811687092913,1,0.75,1,11.4109,181.625,6.58204,0.629904,1.69616,-0.333153,-0.4983,0.26661,-0.125764,2.99639,-0.107306,0.0303269,0.204558,0.0599374,0.141586,0.149276,0.0441624,NA,NA,NA,NA,NA,NA,NA,NA,NA,NA,NA,NA,NA,NA,NA,NA,NA,NA,NA,NA,NA,NA,NA,NA,NA,NA,NA,NA,NA,NA,NA,NA,NA,NA,NA,NA,NA,NA,NA,NA,NA,NA,NA,NA,NA,NA
25,1,1,0,1,0,0,0,0,0,0,0,0,3.5,NA,FOCE_I,0:03:59,219.18,0,-7417.1101674469464,1,0.75,1,11.6133,183.389,6.85784,0.622923,1.08376,-0.323075,-0.462438,0.258095,-0.141335,2.25324,-0.163061,0.0227154,0.246301,0.0474754,0.144159,0.131739,0.0436231,NA,NA,NA,NA,NA,NA,NA,NA,NA,NA,NA,NA,NA,NA,NA,NA,NA,NA,NA,NA,NA,NA,NA,NA,NA,NA,NA,NA,NA,NA,NA,NA,NA,NA,NA,NA,NA,NA,NA,NA,NA,NA,NA,NA,NA,NA
26,1,1,0,1,0,0,0,0,0,0,0,0,3.1,NA,FOCE_I,0:04:26,246.9,0,-7150.9601343591448,1,0.75,1,11.1775,174.183,6.5886,0.607765,1.37144,-0.357963,-0.50232,0.247932,-0.15674,2.26926,-0.181779,0.0239853,0.25008,0.0406839,0.159807,0.135319,0.0455924,NA,NA,NA,NA,NA,NA,NA,NA,NA,NA,NA,NA,NA,NA,NA,NA,NA,NA,NA,NA,NA,NA,NA,NA,NA,NA,NA,NA,NA,NA,NA,NA,NA,NA,NA,NA,NA,NA,NA,NA,NA,NA,NA,NA,NA,NA
27,1,1,0,1,0,0,0,0,0,0,0,0,3,NA,FOCE_I,0:05:05,283.42,0,-6982.0668104604638,1,0.75,1,12.1811,198.369,6.33527,0.595787,0.980865,-0.336756,-0.475887,0.26718,-0.126168,2.64699,-0.0903401,0.0297279,0.252909,0.0389179,0.146364,0.136562,0.0443071,NA,NA,NA,NA,NA,NA,NA,NA,NA,NA,NA,NA,NA,NA,NA,NA,NA,NA,NA,NA,NA,NA,NA,NA,NA,NA,NA,NA,NA,NA,NA,NA,NA,NA,NA,NA,NA,NA,NA,NA,NA,NA,NA,NA,NA,NA
28,1,1,0,1,0,0,1,0,8,1,2,0,3.1,NA,FOCE_I,0:07:05,406.57,0,-7685.6546972356764,1,0.75,1,12.5264,206.641,6.39877,0.612095,1.5333,-0.412965,-0.478119,0.259174,-0.143735,2.99639,-0.116348,0.0221952,0.274958,0.0537064,0.164971,0.162398,0.0427178,NA,NA,NA,NA,NA,NA,NA,NA,NA,NA,NA,NA,NA,NA,NA,NA,NA,NA,NA,NA,NA,NA,NA,NA,NA,NA,NA,NA,NA,NA,NA,NA,NA,NA,NA,NA,NA,NA,NA,NA,NA,NA,NA,NA,NA,NA
29,1,1,0,1,0,0,0,0,0,0,0,0,3.2,NA,FOCE_I,0:04:18,235.07,0,-7027.2242245069419,1,0.75,1,11.6932,190.291,6.53326,0.615776,1.11359,-0.324048,-0.506399,0.278531,-0.166176,2.71088,-0.178136,0.0249426,0.287635,0.0380439,0.175123,0.144116,0.0466737,NA,NA,NA,NA,NA,NA,NA,NA,NA,NA,NA,NA,NA,NA,NA,NA,NA,NA,NA,NA,NA,NA,NA,NA,NA,NA,NA,NA,NA,NA,NA,NA,NA,NA,NA,NA,NA,NA,NA,NA,NA,NA,NA,NA,NA,NA
30,1,1,0,1,0,0,0,0,0,0,0,0,3,NA,FOCE_I,0:05:04,282.39,0,-7474.0581837915370,1,0.75,1,11.2948,189.49,6.3861,0.601503,1.4575,-0.311652,-0.533638,0.259794,-0.142847,2.30037,-0.228209,0.0246015,0.257963,0.0423179,0.1695,0.153663,0.0446549,NA,NA,NA,NA,NA,NA,NA,NA,NA,NA,NA,NA,NA,NA,NA,NA,NA,NA,NA,NA,NA,NA,NA,NA,NA,NA,NA,NA,NA,NA,NA,NA,NA,NA,NA,NA,NA,NA,NA,NA,NA,NA,NA,NA,NA,NA
31,1,1,0,1,0,0,0,0,0,0,0,0,4.3,NA,FOCE_I,0:04:46,264.63,0,-7175.9752548298702,1,0.75,1,12.0577,192.934,6.4027,0.632165,1.54827,-0.379737,-0.524453,0.245312,-0.154472,2.80279,-0.135474,0.0199592,0.220337,0.0597787,0.183301,0.17289,0.0465877,NA,NA,NA,NA,NA,NA,NA,NA,NA,NA,NA,NA,NA,NA,NA,NA,NA,NA,NA,NA,NA,NA,NA,NA,NA,NA,NA,NA,NA,NA,NA,NA,NA,NA,NA,NA,NA,NA,NA,NA,NA,NA,NA,NA,NA,NA
32,1,1,0,1,0,0,1,0,3,1,0,0,3.1,NA,FOCE_I,0:03:39,194.68,0,-6772.1812923280522,1,0.75,1,12,186.26,6.6509,0.65178,1.25967,-0.309117,-0.526389,0.249363,-0.157355,2.99639,-0.100511,0.0193995,0.250483,0.0573122,0.163645,0.137694,0.0453259,NA,NA,NA,NA,NA,NA,NA,NA,NA,NA,NA,NA,NA,NA,NA,NA,NA,NA,NA,NA,NA,NA,NA,NA,NA,NA,NA,NA,NA,NA,NA,NA,NA,NA,NA,NA,NA,NA,NA,NA,NA,NA,NA,NA,NA,NA
33,1,1,0,1,0,0,1,0,4,1,0,0,3.4,NA,FOCE_I,0:05:36,315.28,0,-6857.2857231277676,1,0.75,1,11.9553,195.775,6.47771,0.615506,1.5853,-0.366349,-0.513434,0.225444,-0.151976,2.99639,-0.160643,0.0192403,0.245947,0.0474895,0.181872,0.15705,0.046328,NA,NA,NA,NA,NA,NA,NA,NA,NA,NA,NA,NA,NA,NA,NA,NA,NA,NA,NA,NA,NA,NA,NA,NA,NA,NA,NA,NA,NA,NA,NA,NA,NA,NA,NA,NA,NA,NA,NA,NA,NA,NA,NA,NA,NA,NA
34,1,1,0,1,0,0,1,0,4,1,0,0,4,NA,FOCE_I,0:03:19,175.77,0,-7473.4246992877961,1,0.75,1,11.9634,188.422,6.66907,0.635882,1.13624,-0.34011,-0.437652,0.218527,-0.152463,2.99639,-0.08892,0.0373876,0.268325,0.0446724,0.134718,0.163087,0.0435502,NA,NA,NA,NA,NA,NA,NA,NA,NA,NA,NA,NA,NA,NA,NA,NA,NA,NA,NA,NA,NA,NA,NA,NA,NA,NA,NA,NA,NA,NA,NA,NA,NA,NA,NA,NA,NA,NA,NA,NA,NA,NA,NA,NA,NA,NA
35,1,1,0,1,0,0,1,0,10,1,0,0,3.3,NA,FOCE_I,0:03:35,186.17,0,-6931.2600475871477,1,0.75,1,12.5341,201.956,6.58153,0.628687,1.20597,-0.361639,-0.543783,0.30396,-0.148421,2.99639,-0.108612,0.020284,0.254304,0.0524652,0.142167,0.160657,0.0473778,NA,NA,NA,NA,NA,NA,NA,NA,NA,NA,NA,NA,NA,NA,NA,NA,NA,NA,NA,NA,NA,NA,NA,NA,NA,NA,NA,NA,NA,NA,NA,NA,NA,NA,NA,NA,NA,NA,NA,NA,NA,NA,NA,NA,NA,NA
36,1,1,0,1,0,0,1,0,3,1,0,0,3.3,NA,FOCE_I,0:03:46,198.96,0,-7100.8650735180800,1,0.75,1,11.7681,185.259,6.68968,0.613335,1.02309,-0.326333,-0.539351,0.226122,-0.138242,2.99639,-0.16774,0.0236579,0.27227,0.0251574,0.158121,0.141565,0.0466766,NA,NA,NA,NA,NA,NA,NA,NA,NA,NA,NA,NA,NA,NA,NA,NA,NA,NA,NA,NA,NA,NA,NA,NA,NA,NA,NA,NA,NA,NA,NA,NA,NA,NA,NA,NA,NA,NA,NA,NA,NA,NA,NA,NA,NA,NA
37,1,1,0,0,0,0,0,1,0,0,3,0,2.7,NA,FOCE_I,0:07:16,407.44,0,-7281.1658404261325,1,0.75,1,12.2594,193.199,6.43068,0.613303,1.19205,-0.279901,-0.539009,0.212536,-0.13049,2.37488,-0.0897306,0.0208005,0.266893,0.0512078,0.167101,0.120747,0.0455847,NA,NA,NA,NA,NA,NA,NA,NA,NA,NA,NA,NA,NA,NA,NA,NA,NA,NA,NA,NA,NA,NA,NA,NA,NA,NA,NA,NA,NA,NA,NA,NA,NA,NA,NA,NA,NA,NA,NA,NA,NA,NA,NA,NA,NA,NA
38,1,1,0,1,0,0,0,0,0,0,0,0,3.5,NA,FOCE_I,0:03:33,186,0,-7431.8191502829122,1,0.75,1,11.7196,185.369,6.40212,0.627271,1.64948,-0.319869,-0.531432,0.2453,-0.138005,2.45383,-0.139267,0.0360604,0.230067,0.0553688,0.144721,0.157028,0.0415555,NA,NA,NA,NA,NA,NA,NA,NA,NA,NA,NA,NA,NA,NA,NA,NA,NA,NA,NA,NA,NA,NA,NA,NA,NA,NA,NA,NA,NA,NA,NA,NA,NA,NA,NA,NA,NA,NA,NA,NA,NA,NA,NA,NA,NA,NA
39,1,1,0,1,0,0,0,0,0,0,0,0,3.3,NA,FOCE_I,0:03:01,154.02,0,-7370.7289884745487,1,0.75,1,11.8693,190.848,6.37627,0.624165,0.709549,-0.348183,-0.421494,0.256599,-0.144084,2.79572,-0.155279,0.0274824,0.202072,0.0685618,0.149802,0.137831,0.0442748,NA,NA,NA,NA,NA,NA,NA,NA,NA,NA,NA,NA,NA,NA,NA,NA,NA,NA,NA,NA,NA,NA,NA,NA,NA,NA,NA,NA,NA,NA,NA,NA,NA,NA,NA,NA,NA,NA,NA,NA,NA,NA,NA,NA,NA,NA
40,1,1,0,1,0,0,1,0,4,1,0,0,4.5,NA,FOCE_I,0:04:22,235.39,0,-7161.3276054525368,1,0.75,1,11.6116,195.803,6.67068,0.630036,1.50983,-0.35936,-0.497442,0.254218,-0.137652,2.99639,-0.156774,0.02505,0.29861,0.039092,0.227113,0.127531,0.0461103,NA,NA,NA,NA,NA,NA,NA,NA,NA,NA,NA,NA,NA,NA,NA,NA,NA,NA,NA,NA,NA,NA,NA,NA,NA,NA,NA,NA,NA,NA,NA,NA,NA,NA,NA,NA,NA,NA,NA,NA,NA,NA,NA,NA,NA,NA
41,1,1,0,1,0,0,0,0,0,0,0,0,3.8,NA,FOCE_I,0:04:24,232.64,0,-7438.3431776968409,1,0.75,1,11.9898,191.752,6.57024,0.608133,0.936163,-0.385597,-0.545907,0.238874,-0.153376,2.61995,-0.172053,0.0280902,0.26281,0.0297255,0.149717,0.162238,0.0448443,NA,NA,NA,NA,NA,NA,NA,NA,NA,NA,NA,NA,NA,NA,NA,NA,NA,NA,NA,NA,NA,NA,NA,NA,NA,NA,NA,NA,NA,NA,NA,NA,NA,NA,NA,NA,NA,NA,NA,NA,NA,NA,NA,NA,NA,NA
42,1,1,0,1,0,0,0,0,0,0,1,0,3.5,NA,FOCE_I,0:05:28,303.88,0,-7682.6028966374552,1,0.75,1,12.4573,204.356,6.43122,0.630256,1.43306,-0.321929,-0.543259,0.249709,-0.13262,2.6601,-0.116487,0.0207745,0.26491,0.0373444,0.181535,0.132612,0.0436733,NA,NA,NA,NA,NA,NA,NA,NA,NA,NA,NA,NA,NA,NA,NA,NA,NA,NA,NA,NA,NA,NA,NA,NA,NA,NA,NA,NA,NA,NA,NA,NA,NA,NA,NA,NA,NA,NA,NA,NA,NA,NA,NA,NA,NA,NA
43,1,1,0,1,0,0,1,0,3,1,0,0,3.1,NA,FOCE_I,0:06:17,351.69,0,-7546.4945752325366,1,0.75,1,11.9402,193.9,6.55284,0.624167,0.882104,-0.356132,-0.500635,0.248986,-0.133791,2.99639,-0.109055,0.0329596,0.275113,0.0449288,0.153137,0.145386,0.0440731,NA,NA,NA,NA,NA,NA,NA,NA,NA,NA,NA,NA,NA,NA,NA,NA,NA,NA,NA,NA,NA,NA,NA,NA,NA,NA,NA,NA,NA,NA,NA,NA,NA,NA,NA,NA,NA,NA,NA,NA,NA,NA,NA,NA,NA,NA
44,1,1,0,0,0,0,0,1,0,0,5,0,2.3,NA,FOCE_I,0:10:37,606.29,0,-7454.0974816879443,1,0.75,1,11.944,186.315,6.39408,0.595803,1.13015,-0.326892,-0.538853,0.235449,-0.150854,2.40297,-0.159748,0.0197889,0.295209,0.0311943,0.147697,0.14635,0.0466568,NA,NA,NA,NA,NA,NA,NA,NA,NA,NA,NA,NA,NA,NA,NA,NA,NA,NA,NA,NA,NA,NA,NA,NA,NA,NA,NA,NA,NA,NA,NA,NA,NA,NA,NA,NA,NA,NA,NA,NA,NA,NA,NA,NA,NA,NA
45,1,1,0,1,0,0,1,0,4,1,0,0,3.9,NA,FOCE_I,0:04:27,237.17,0,-6644.8940567021027,1,0.75,1,11.4769,190.201,6.44344,0.614295,1.92966,-0.342453,-0.513021,0.315016,-0.137722,2.99639,-0.142603,0.0281016,0.214019,0.0507071,0.1697,0.13884,0.0459261,NA,NA,NA,NA,NA,NA,NA,NA,NA,NA,NA,NA,NA,NA,NA,NA,NA,NA,NA,NA,NA,NA,NA,NA,NA,NA,NA,NA,NA,NA,NA,NA,NA,NA,NA,NA,NA,NA,NA,NA,NA,NA,NA,NA,NA,NA
46,1,1,0,1,0,0,0,0,0,0,0,0,3.3,NA,FOCE_I,0:05:14,290.07,0,-7679.2789713789443,1,0.75,1,11.9254,188.599,6.64516,0.62604,0.996537,-0.364303,-0.500838,0.259741,-0.136011,2.58152,-0.180174,0.0290664,0.280046,0.0380392,0.166072,0.128288,0.0410038,NA,NA,NA,NA,NA,NA,NA,NA,NA,NA,NA,NA,NA,NA,NA,NA,NA,NA,NA,NA,NA,NA,NA,NA,NA,NA,NA,NA,NA,NA,NA,NA,NA,NA,NA,NA,NA,NA,NA,NA,NA,NA,NA,NA,NA,NA
47,1,1,0,1,0,0,1,0,3,1,0,0,3.1,NA,FOCE_I,0:05:24,297.77,0,-7145.2330136951605,1,0.75,1,12.2571,197.763,6.73966,0.63549,1.3687,-0.311148,-0.49082,0.277699,-0.146081,2.99639,-0.0646419,0.0262485,0.297961,0.0470673,0.126804,0.166522,0.0451408,NA,NA,NA,NA,NA,NA,NA,NA,NA,NA,NA,NA,NA,NA,NA,NA,NA,NA,NA,NA,NA,NA,NA,NA,NA,NA,NA,NA,NA,NA,NA,NA,NA,NA,NA,NA,NA,NA,NA,NA,NA,NA,NA,NA,NA,NA
48,1,1,0,1,0,0,1,0,3,1,0,0,3.5,NA,FOCE_I,0:07:33,426.74,0,-7076.7354132714918,1,0.75,1,12.4131,204.408,6.5737,0.625419,1.53535,-0.354319,-0.489488,0.234988,-0.146918,2.99639,-0.105838,0.0209447,0.282832,0.04044,0.166349,0.15427,0.0441793,NA,NA,NA,NA,NA,NA,NA,NA,NA,NA,NA,NA,NA,NA,NA,NA,NA,NA,NA,NA,NA,NA,NA,NA,NA,NA,NA,NA,NA,NA,NA,NA,NA,NA,NA,NA,NA,NA,NA,NA,NA,NA,NA,NA,NA,NA
49,1,1,0,1,0,0,0,0,0,0,0,0,3.6,NA,FOCE_I,0:04:18,231.73,0,-8026.9762681611774,1,0.75,1,11.7291,190.564,6.51535,0.639914,1.59136,-0.294594,-0.569209,0.253574,-0.157216,2.1127,-0.108717,0.0355312,0.256572,0.0369941,0.167484,0.134908,0.0427648,NA,NA,NA,NA,NA,NA,NA,NA,NA,NA,NA,NA,NA,NA,NA,NA,NA,NA,NA,NA,NA,NA,NA,NA,NA,NA,NA,NA,NA,NA,NA,NA,NA,NA,NA,NA,NA,NA,NA,NA,NA,NA,NA,NA,NA,NA
50,1,1,0,1,0,0,0,0,0,0,0,0,3,NA,FOCE_I,0:06:12,345.9,0,-6389.9623948469680,1,0.75,1,12.4037,198.833,6.57095,0.649488,1.18747,-0.38177,-0.580256,0.307333,-0.145169,1.69284,-0.092222,0.0226089,0.264552,0.0466341,0.167748,0.16999,0.0463107,NA,NA,NA,NA,NA,NA,NA,NA,NA,NA,NA,NA,NA,NA,NA,NA,NA,NA,NA,NA,NA,NA,NA,NA,NA,NA,NA,NA,NA,NA,NA,NA,NA,NA,NA,NA,NA,NA,NA,NA,NA,NA,NA,NA,NA,NA
51,1,1,0,1,0,0,0,0,0,0,0,0,3.7,NA,FOCE_I,0:05:51,323.79,0,-7414.2963099885155,1,0.75,1,12.1615,191.115,6.50638,0.625387,1.18054,-0.29415,-0.577334,0.222688,-0.136178,1.78864,-0.0880897,0.0279558,0.241204,0.0510869,0.154704,0.142813,0.0428388,NA,NA,NA,NA,NA,NA,NA,NA,NA,NA,NA,NA,NA,NA,NA,NA,NA,NA,NA,NA,NA,NA,NA,NA,NA,NA,NA,NA,NA,NA,NA,NA,NA,NA,NA,NA,NA,NA,NA,NA,NA,NA,NA,NA,NA,NA
52,1,1,0,1,0,0,0,0,0,0,0,0,3.6,NA,FOCE_I,0:05:20,294.97,0,-7187.9315990590076,1,0.75,1,12.4169,198.092,6.42977,0.632551,1.26188,-0.369207,-0.522697,0.261191,-0.141113,2.61309,-0.160494,0.03034,0.289877,0.0320349,0.1693,0.135491,0.0466074,NA,NA,NA,NA,NA,NA,NA,NA,NA,NA,NA,NA,NA,NA,NA,NA,NA,NA,NA,NA,NA,NA,NA,NA,NA,NA,NA,NA,NA,NA,NA,NA,NA,NA,NA,NA,NA,NA,NA,NA,NA,NA,NA,NA,NA,NA
53,1,1,0,1,0,0,1,0,4,1,0,0,4,NA,FOCE_I,0:06:36,368.22,0,-6781.0842204760984,1,0.75,1,11.7767,184.629,6.41368,0.594734,1.37772,-0.318108,-0.49872,0.286264,-0.131853,2.99639,-0.162084,0.0232354,0.25484,0.0578974,0.128396,0.160614,0.0453176,NA,NA,NA,NA,NA,NA,NA,NA,NA,NA,NA,NA,NA,NA,NA,NA,NA,NA,NA,NA,NA,NA,NA,NA,NA,NA,NA,NA,NA,NA,NA,NA,NA,NA,NA,NA,NA,NA,NA,NA,NA,NA,NA,NA,NA,NA
54,1,1,0,1,0,0,0,0,0,0,0,0,3.6,NA,FOCE_I,0:05:11,282.73,0,-7515.6772926394342,1,0.75,1,12.1405,182.301,6.62133,0.628185,1.63102,-0.312398,-0.583017,0.24874,-0.145672,1.85783,-0.150869,0.0341186,0.241734,0.0516182,0.164097,0.143569,0.0429301,NA,NA,NA,NA,NA,NA,NA,NA,NA,NA,NA,NA,NA,NA,NA,NA,NA,NA,NA,NA,NA,NA,NA,NA,NA,NA,NA,NA,NA,NA,NA,NA,NA,NA,NA,NA,NA,NA,NA,NA,NA,NA,NA,NA,NA,NA
55,1,1,0,1,0,0,0,0,0,0,0,0,3.7,NA,FOCE_I,0:05:46,318.92,0,-7596.7991674560953,1,0.75,1,11.4817,187.13,6.32201,0.595898,1.47441,-0.357945,-0.580253,0.270131,-0.143519,2.26201,-0.174604,0.0285563,0.227102,0.0688171,0.145889,0.156012,0.0444802,NA,NA,NA,NA,NA,NA,NA,NA,NA,NA,NA,NA,NA,NA,NA,NA,NA,NA,NA,NA,NA,NA,NA,NA,NA,NA,NA,NA,NA,NA,NA,NA,NA,NA,NA,NA,NA,NA,NA,NA,NA,NA,NA,NA,NA,NA
56,1,1,0,0,0,0,1,1,8,1,2,0,NA,NA,FOCE_I,0:11:02,636.24,0,-7014.0584936883415,1,0.75,1,11.7785,190.321,6.35159,0.589984,1.37533,-0.306474,-0.515874,0.235932,-0.152578,2.99639,-0.190237,0.0240638,0.274455,0.0563454,0.160813,0.137298,0.046,NA,NA,NA,NA,NA,NA,NA,NA,NA,NA,NA,NA,NA,NA,NA,NA,NA,NA,NA,NA,NA,NA,NA,NA,NA,NA,NA,NA,NA,NA,NA,NA,NA,NA,NA,NA,NA,NA,NA,NA,NA,NA,NA,NA,NA,NA
57,1,1,0,1,0,0,0,0,0,0,0,0,3.6,NA,FOCE_I,0:05:30,154.38,0,-7444.3275501052958,1,0.75,1,12.4803,204.814,6.55501,0.637651,1.41427,-0.351024,-0.418417,0.269999,-0.148207,2.7509,-0.0964345,0.025076,0.265066,0.0383708,0.154999,0.163615,0.0428945,NA,NA,NA,NA,NA,NA,NA,NA,NA,NA,NA,NA,NA,NA,NA,NA,NA,NA,NA,NA,NA,NA,NA,NA,NA,NA,NA,NA,NA,NA,NA,NA,NA,NA,NA,NA,NA,NA,NA,NA,NA,NA,NA,NA,NA,NA
58,1,1,0,1,0,0,0,0,0,0,0,0,3.1,NA,FOCE_I,0:05:49,163.27,0,-7435.9858534812920,1,0.75,1,12.3023,193.215,6.6058,0.636502,0.891893,-0.387887,-0.532317,0.260667,-0.140822,2.48745,-0.125636,0.0288343,0.244058,0.0723641,0.114064,0.163533,0.0440852,NA,NA,NA,NA,NA,NA,NA,NA,NA,NA,NA,NA,NA,NA,NA,NA,NA,NA,NA,NA,NA,NA,NA,NA,NA,NA,NA,NA,NA,NA,NA,NA,NA,NA,NA,NA,NA,NA,NA,NA,NA,NA,NA,NA,NA,NA
59,1,1,0,1,0,0,1,0,3,1,0,0,3.5,NA,FOCE_I,0:05:59,212.71,0,-7427.3843949270640,1,0.75,1,12.3537,198.168,6.5496,0.630504,1.57215,-0.325554,-0.534752,0.239008,-0.15542,2.99639,-0.128185,0.0222234,0.246363,0.0505579,0.201646,0.13393,0.0432151,NA,NA,NA,NA,NA,NA,NA,NA,NA,NA,NA,NA,NA,NA,NA,NA,NA,NA,NA,NA,NA,NA,NA,NA,NA,NA,NA,NA,NA,NA,NA,NA,NA,NA,NA,NA,NA,NA,NA,NA,NA,NA,NA,NA,NA,NA
60,1,1,0,1,0,0,1,0,8,1,0,0,3.7,NA,FOCE_I,0:05:26,154.61,0,-6952.4023091628105,1,0.75,1,12.6053,195.878,6.47994,0.635435,0.94126,-0.414006,-0.469547,0.250019,-0.139137,2.99639,-0.15754,0.0206522,0.265453,0.0516343,0.133126,0.156505,0.0467616,NA,NA,NA,NA,NA,NA,NA,NA,NA,NA,NA,NA,NA,NA,NA,NA,NA,NA,NA,NA,NA,NA,NA,NA,NA,NA,NA,NA,NA,NA,NA,NA,NA,NA,NA,NA,NA,NA,NA,NA,NA,NA,NA,NA,NA,NA
61,1,1,0,1,0,0,0,0,0,0,2,0,3.5,NA,FOCE_I,0:06:52,230.18,0,-7552.5902575288237,1,0.75,1,11.6383,197.234,6.36272,0.622793,1.09702,-0.337398,-0.450124,0.333317,-0.141065,2.71302,-0.146544,0.0266779,0.247834,0.0353138,0.191628,0.126042,0.0439716,NA,NA,NA,NA,NA,NA,NA,NA,NA,NA,NA,NA,NA,NA,NA,NA,NA,NA,NA,NA,NA,NA,NA,NA,NA,NA,NA,NA,NA,NA,NA,NA,NA,NA,NA,NA,NA,NA,NA,NA,NA,NA,NA,NA,NA,NA
62,1,1,0,0,0,0,0,1,0,0,1,0,3,NA,FOCE_I,0:06:34,201.47,0,-7918.9398518053140,1,0.75,1,12.301,188.333,6.45527,0.617012,1.07116,-0.362755,-0.582479,0.218243,-0.152836,1.78599,-0.165343,0.0326969,0.27226,0.0332047,0.178222,0.130715,0.0417779,NA,NA,NA,NA,NA,NA,NA,NA,NA,NA,NA,NA,NA,NA,NA,NA,NA,NA,NA,NA,NA,NA,NA,NA,NA,NA,NA,NA,NA,NA,NA,NA,NA,NA,NA,NA,NA,NA,NA,NA,NA,NA,NA,NA,NA,NA
63,1,1,0,1,0,0,0,0,0,0,0,0,3.1,NA,FOCE_I,0:06:56,223.46,0,-7227.3982029228691,1,0.75,1,11.9989,192.703,6.37013,0.643321,1.23092,-0.26777,-0.483664,0.275284,-0.154103,2.78358,-0.0773211,0.0242126,0.281617,0.0453907,0.118617,0.17954,0.0453445,NA,NA,NA,NA,NA,NA,NA,NA,NA,NA,NA,NA,NA,NA,NA,NA,NA,NA,NA,NA,NA,NA,NA,NA,NA,NA,NA,NA,NA,NA,NA,NA,NA,NA,NA,NA,NA,NA,NA,NA,NA,NA,NA,NA,NA,NA
64,1,1,0,0,0,0,0,1,0,0,4,0,2.3,NA,FOCE_I,0:10:13,413.27,0,-7069.4844173128067,1,0.75,1,11.8644,195.469,6.36671,0.591955,1.21891,-0.339524,-0.590916,0.276143,-0.13932,2.20119,-0.100933,0.0280864,0.224879,0.056278,0.148845,0.140235,0.0456317,NA,NA,NA,NA,NA,NA,NA,NA,NA,NA,NA,NA,NA,NA,NA,NA,NA,NA,NA,NA,NA,NA,NA,NA,NA,NA,NA,NA,NA,NA,NA,NA,NA,NA,NA,NA,NA,NA,NA,NA,NA,NA,NA,NA,NA,NA
65,1,1,0,1,0,0,0,0,0,0,0,0,3.1,NA,FOCE_I,0:06:51,216.66,0,-7471.8793818462564,1,0.75,1,11.3658,186.047,6.54625,0.627353,1.19037,-0.298169,-0.548548,0.256592,-0.132633,2.12347,-0.187343,0.0317221,0.241305,0.0534635,0.17477,0.130971,0.0397987,NA,NA,NA,NA,NA,NA,NA,NA,NA,NA,NA,NA,NA,NA,NA,NA,NA,NA,NA,NA,NA,NA,NA,NA,NA,NA,NA,NA,NA,NA,NA,NA,NA,NA,NA,NA,NA,NA,NA,NA,NA,NA,NA,NA,NA,NA
66,1,1,0,1,0,0,0,0,0,0,1,0,3.1,NA,FOCE_I,0:06:49,210.85,0,-7130.5196300851203,1,0.75,1,12.0854,187.23,6.47113,0.621669,1.34961,-0.340632,-0.530807,0.227148,-0.154664,1.67917,-0.140644,0.0225186,0.231967,0.0428201,0.178533,0.148395,0.0459135,NA,NA,NA,NA,NA,NA,NA,NA,NA,NA,NA,NA,NA,NA,NA,NA,NA,NA,NA,NA,NA,NA,NA,NA,NA,NA,NA,NA,NA,NA,NA,NA,NA,NA,NA,NA,NA,NA,NA,NA,NA,NA,NA,NA,NA,NA
67,1,1,0,1,0,0,0,0,0,0,0,0,3.4,NA,FOCE_I,0:06:29,188.65,0,-7582.4699306211642,1,0.75,1,12.0684,194.154,6.26233,0.613691,1.47983,-0.291323,-0.594521,0.214348,-0.140642,1.90119,-0.134703,0.0262896,0.242887,0.0602545,0.199174,0.133262,0.0428508,NA,NA,NA,NA,NA,NA,NA,NA,NA,NA,NA,NA,NA,NA,NA,NA,NA,NA,NA,NA,NA,NA,NA,NA,NA,NA,NA,NA,NA,NA,NA,NA,NA,NA,NA,NA,NA,NA,NA,NA,NA,NA,NA,NA,NA,NA
68,1,1,0,1,0,0,0,0,0,0,0,0,3.4,NA,FOCE_I,0:06:07,152.85,0,-6892.4353478892917,1,0.75,1,11.5454,188.714,6.57462,0.651698,1.24174,-0.356402,-0.59,0.254578,-0.126679,2.10351,-0.157926,0.0273888,0.275101,0.0257136,0.19969,0.140171,0.0458618,NA,NA,NA,NA,NA,NA,NA,NA,NA,NA,NA,NA,NA,NA,NA,NA,NA,NA,NA,NA,NA,NA,NA,NA,NA,NA,NA,NA,NA,NA,NA,NA,NA,NA,NA,NA,NA,NA,NA,NA,NA,NA,NA,NA,NA,NA
69,1,1,0,1,0,0,0,0,0,0,0,0,3.9,NA,FOCE_I,0:06:27,180.04,0,-7594.6221572035911,1,0.75,1,11.8208,185.974,6.72085,0.62502,0.99868,-0.325337,-0.567311,0.255391,-0.139449,2.12012,-0.134441,0.0224591,0.240706,0.0542979,0.140319,0.148972,0.0443636,NA,NA,NA,NA,NA,NA,NA,NA,NA,NA,NA,NA,NA,NA,NA,NA,NA,NA,NA,NA,NA,NA,NA,NA,NA,NA,NA,NA,NA,NA,NA,NA,NA,NA,NA,NA,NA,NA,NA,NA,NA,NA,NA,NA,NA,NA
70,1,1,0,1,0,0,0,0,0,0,1,0,3,NA,FOCE_I,0:06:56,198.06,0,-7341.7748933621233,1,0.75,1,11.8153,189.962,6.44486,0.636588,1.38522,-0.348687,-0.550605,0.283905,-0.136805,2.20874,-0.164717,0.0246615,0.247319,0.051186,0.133256,0.157758,0.0444491,NA,NA,NA,NA,NA,NA,NA,NA,NA,NA,NA,NA,NA,NA,NA,NA,NA,NA,NA,NA,NA,NA,NA,NA,NA,NA,NA,NA,NA,NA,NA,NA,NA,NA,NA,NA,NA,NA,NA,NA,NA,NA,NA,NA,NA,NA
71,1,1,0,1,0,0,0,0,0,0,0,0,3.1,NA,FOCE_I,0:06:24,161.29,0,-7013.1463208438136,1,0.75,1,11.9732,194.915,6.56222,0.639469,1.36812,-0.350392,-0.582561,0.299082,-0.138346,1.60177,-0.0830221,0.014295,0.280148,0.0246788,0.183318,0.151427,0.0488377,NA,NA,NA,NA,NA,NA,NA,NA,NA,NA,NA,NA,NA,NA,NA,NA,NA,NA,NA,NA,NA,NA,NA,NA,NA,NA,NA,NA,NA,NA,NA,NA,NA,NA,NA,NA,NA,NA,NA,NA,NA,NA,NA,NA,NA,NA
72,1,1,0,1,0,0,1,0,4,1,0,0,3.7,NA,FOCE_I,0:07:19,217.34,0,-7350.5056739690235,1,0.75,1,12.0851,202.926,6.48531,0.619188,1.1706,-0.35719,-0.509867,0.273765,-0.150232,2.99639,-0.172802,0.0210812,0.2479,0.0533531,0.161174,0.194388,0.0429828,NA,NA,NA,NA,NA,NA,NA,NA,NA,NA,NA,NA,NA,NA,NA,NA,NA,NA,NA,NA,NA,NA,NA,NA,NA,NA,NA,NA,NA,NA,NA,NA,NA,NA,NA,NA,NA,NA,NA,NA,NA,NA,NA,NA,NA,NA
73,1,1,0,1,0,0,0,0,0,0,0,0,3.6,NA,FOCE_I,0:06:36,179.93,0,-7194.7976628594315,1,0.75,1,12.0399,193.162,6.41959,0.608769,1.04642,-0.381396,-0.439789,0.293794,-0.142548,2.89742,-0.119176,0.0255,0.241537,0.0534838,0.14656,0.154009,0.0465512,NA,NA,NA,NA,NA,NA,NA,NA,NA,NA,NA,NA,NA,NA,NA,NA,NA,NA,NA,NA,NA,NA,NA,NA,NA,NA,NA,NA,NA,NA,NA,NA,NA,NA,NA,NA,NA,NA,NA,NA,NA,NA,NA,NA,NA,NA
74,1,1,0,0,0,0,1,1,36,1,5,0,NA,NA,FOCE_I,0:14:38,643.56,0,-7019.5945824261589,1,0.75,1,12.544,189.159,6.42754,0.593161,1.01158,-0.364877,-0.523927,0.22338,-0.141892,2.99639,-0.103051,0.0131979,0.249032,0.0373829,0.164001,0.129829,0.0465397,NA,NA,NA,NA,NA,NA,NA,NA,NA,NA,NA,NA,NA,NA,NA,NA,NA,NA,NA,NA,NA,NA,NA,NA,NA,NA,NA,NA,NA,NA,NA,NA,NA,NA,NA,NA,NA,NA,NA,NA,NA,NA,NA,NA,NA,NA
75,1,1,0,0,0,0,1,1,4,1,0,0,NA,NA,FOCE_I,0:07:44,238,0,-7511.8550178103469,1,0.75,1,12.283,196.777,6.41404,0.602221,1.10617,-0.341064,-0.484426,0.225619,-0.144921,2.99639,-0.10478,0.0165129,0.244498,0.063394,0.121517,0.199375,0.0432972,NA,NA,NA,NA,NA,NA,NA,NA,NA,NA,NA,NA,NA,NA,NA,NA,NA,NA,NA,NA,NA,NA,NA,NA,NA,NA,NA,NA,NA,NA,NA,NA,NA,NA,NA,NA,NA,NA,NA,NA,NA,NA,NA,NA,NA,NA
76,1,1,0,0,0,0,0,1,0,0,0,0,3,NA,FOCE_I,0:07:04,195.38,0,-7660.9202699738862,1,0.75,1,11.9991,198.886,6.54761,0.610175,1.18813,-0.372753,-0.496317,0.299002,-0.142785,2.72093,-0.093497,0.0243553,0.241434,0.0409033,0.191027,0.149772,0.0431312,NA,NA,NA,NA,NA,NA,NA,NA,NA,NA,NA,NA,NA,NA,NA,NA,NA,NA,NA,NA,NA,NA,NA,NA,NA,NA,NA,NA,NA,NA,NA,NA,NA,NA,NA,NA,NA,NA,NA,NA,NA,NA,NA,NA,NA,NA
77,1,1,0,1,0,0,0,0,0,0,0,0,3.3,NA,FOCE_I,0:06:34,157.66,0,-7566.2056957162667,1,0.75,1,11.8037,191.071,6.46744,0.626866,0.938568,-0.293635,-0.667406,0.214904,-0.139789,1.61473,-0.106558,0.0309643,0.284949,0.0332389,0.193373,0.137386,0.0411161,NA,NA,NA,NA,NA,NA,NA,NA,NA,NA,NA,NA,NA,NA,NA,NA,NA,NA,NA,NA,NA,NA,NA,NA,NA,NA,NA,NA,NA,NA,NA,NA,NA,NA,NA,NA,NA,NA,NA,NA,NA,NA,NA,NA,NA,NA
78,1,1,0,0,0,0,0,1,0,0,6,0,NA,NA,FOCE_I,0:15:38,701.86,0,-7421.0166203048066,1,0.75,1,11.0093,186.839,6.38635,0.592801,1.02396,-0.287397,-0.483679,0.31388,-0.146023,2.46264,-0.177185,0.0247679,0.249669,0.0649627,0.16393,0.142914,0.0456644,NA,NA,NA,NA,NA,NA,NA,NA,NA,NA,NA,NA,NA,NA,NA,NA,NA,NA,NA,NA,NA,NA,NA,NA,NA,NA,NA,NA,NA,NA,NA,NA,NA,NA,NA,NA,NA,NA,NA,NA,NA,NA,NA,NA,NA,NA
79,1,1,0,1,0,0,0,0,0,0,0,0,3.1,NA,FOCE_I,0:08:43,280.23,0,-7334.1000337549876,1,0.75,1,11.7731,187.202,6.88066,0.638339,1.07306,-0.301619,-0.547507,0.276896,-0.152992,2.7317,-0.173772,0.0302559,0.227485,0.058122,0.160667,0.143173,0.0450551,NA,NA,NA,NA,NA,NA,NA,NA,NA,NA,NA,NA,NA,NA,NA,NA,NA,NA,NA,NA,NA,NA,NA,NA,NA,NA,NA,NA,NA,NA,NA,NA,NA,NA,NA,NA,NA,NA,NA,NA,NA,NA,NA,NA,NA,NA
80,1,1,0,1,0,0,1,0,3,1,0,0,3.8,NA,FOCE_I,0:07:18,192.55,0,-7436.8691964813052,1,0.75,1,12.2873,191.542,6.56458,0.606796,1.07048,-0.360256,-0.451928,0.218355,-0.155069,2.99639,-0.120427,0.0240317,0.251863,0.0668608,0.121358,0.153959,0.0432184,NA,NA,NA,NA,NA,NA,NA,NA,NA,NA,NA,NA,NA,NA,NA,NA,NA,NA,NA,NA,NA,NA,NA,NA,NA,NA,NA,NA,NA,NA,NA,NA,NA,NA,NA,NA,NA,NA,NA,NA,NA,NA,NA,NA,NA,NA
81,1,1,0,0,0,0,0,1,0,0,3,0,2.1,NA,FOCE_I,0:11:56,475.75,0,-7541.4957939243195,1,0.75,1,11.3279,185.658,6.32804,0.592096,1.2471,-0.313751,-0.455596,0.22751,-0.138982,2.91645,-0.198119,0.0327847,0.273535,0.0414038,0.181012,0.163746,0.0435897,NA,NA,NA,NA,NA,NA,NA,NA,NA,NA,NA,NA,NA,NA,NA,NA,NA,NA,NA,NA,NA,NA,NA,NA,NA,NA,NA,NA,NA,NA,NA,NA,NA,NA,NA,NA,NA,NA,NA,NA,NA,NA,NA,NA,NA,NA
82,1,1,0,1,0,0,0,0,0,0,0,0,3.5,NA,FOCE_I,0:07:21,194.59,0,-6698.5641702452340,1,0.75,1,11.9548,195.119,6.63739,0.63548,0.910616,-0.343146,-0.468579,0.290805,-0.144366,2.79735,-0.11486,0.0206372,0.277058,0.0474736,0.159871,0.132383,0.0464032,NA,NA,NA,NA,NA,NA,NA,NA,NA,NA,NA,NA,NA,NA,NA,NA,NA,NA,NA,NA,NA,NA,NA,NA,NA,NA,NA,NA,NA,NA,NA,NA,NA,NA,NA,NA,NA,NA,NA,NA,NA,NA,NA,NA,NA,NA
83,1,1,0,1,0,0,1,0,7,1,0,0,3.1,NA,FOCE_I,0:07:20,190.46,0,-7581.1830962833210,1,0.75,1,12.2017,211.833,6.36763,0.62007,1.27024,-0.358253,-0.495742,0.302769,-0.144789,2.99639,-0.148823,0.0308939,0.208985,0.0459637,0.182239,0.145188,0.0428445,NA,NA,NA,NA,NA,NA,NA,NA,NA,NA,NA,NA,NA,NA,NA,NA,NA,NA,NA,NA,NA,NA,NA,NA,NA,NA,NA,NA,NA,NA,NA,NA,NA,NA,NA,NA,NA,NA,NA,NA,NA,NA,NA,NA,NA,NA
84,1,1,0,1,0,0,0,0,0,0,0,0,4.2,NA,FOCE_I,0:07:51,204.34,0,-7363.6476834156238,1,0.75,1,12.6841,190.463,6.71323,0.630356,1.03463,-0.327436,-0.529336,0.206888,-0.146919,1.92774,-0.0628431,0.0313499,0.237349,0.0555372,0.125511,0.157851,0.0421574,NA,NA,NA,NA,NA,NA,NA,NA,NA,NA,NA,NA,NA,NA,NA,NA,NA,NA,NA,NA,NA,NA,NA,NA,NA,NA,NA,NA,NA,NA,NA,NA,NA,NA,NA,NA,NA,NA,NA,NA,NA,NA,NA,NA,NA,NA
85,1,1,0,1,0,0,0,0,0,0,0,0,3.4,NA,FOCE_I,0:07:39,205.53,0,-7846.7805533403198,1,0.75,1,12.2037,193.186,6.64144,0.62819,1.48422,-0.375485,-0.509078,0.248927,-0.147724,2.74384,-0.0924598,0.0285455,0.250104,0.0477022,0.138951,0.149104,0.0424388,NA,NA,NA,NA,NA,NA,NA,NA,NA,NA,NA,NA,NA,NA,NA,NA,NA,NA,NA,NA,NA,NA,NA,NA,NA,NA,NA,NA,NA,NA,NA,NA,NA,NA,NA,NA,NA,NA,NA,NA,NA,NA,NA,NA,NA,NA
86,1,1,0,1,0,0,1,0,3,1,0,0,3.8,NA,FOCE_I,0:07:41,195.78,0,-7531.6504243666996,1,0.75,1,12.266,200.17,6.39952,0.623885,1.17032,-0.326723,-0.472782,0.255026,-0.157671,2.99639,-0.1425,0.027869,0.26792,0.0537427,0.162154,0.125926,0.0448914,NA,NA,NA,NA,NA,NA,NA,NA,NA,NA,NA,NA,NA,NA,NA,NA,NA,NA,NA,NA,NA,NA,NA,NA,NA,NA,NA,NA,NA,NA,NA,NA,NA,NA,NA,NA,NA,NA,NA,NA,NA,NA,NA,NA,NA,NA
87,1,1,0,0,0,0,0,1,0,0,0,0,3,NA,FOCE_I,0:08:12,225.02,0,-7344.6965359100714,1,0.75,1,11.6568,181.903,6.50066,0.600761,1.18012,-0.296763,-0.522503,0.217964,-0.168242,2.55148,-0.227333,0.0134825,0.257603,0.0408667,0.14385,0.148164,0.0498016,NA,NA,NA,NA,NA,NA,NA,NA,NA,NA,NA,NA,NA,NA,NA,NA,NA,NA,NA,NA,NA,NA,NA,NA,NA,NA,NA,NA,NA,NA,NA,NA,NA,NA,NA,NA,NA,NA,NA,NA,NA,NA,NA,NA,NA,NA
88,1,1,0,0,0,0,0,1,0,0,0,0,3,NA,FOCE_I,0:07:47,208.89,0,-7197.4986262537986,1,0.75,1,12.2512,192.128,6.36342,0.612854,0.803679,-0.32324,-0.542428,0.22769,-0.148505,2.52539,-0.0909086,0.0220627,0.235882,0.0424674,0.144835,0.150473,0.0423333,NA,NA,NA,NA,NA,NA,NA,NA,NA,NA,NA,NA,NA,NA,NA,NA,NA,NA,NA,NA,NA,NA,NA,NA,NA,NA,NA,NA,NA,NA,NA,NA,NA,NA,NA,NA,NA,NA,NA,NA,NA,NA,NA,NA,NA,NA
89,1,1,0,0,0,0,0,1,0,0,0,0,2.8,NA,FOCE_I,0:09:42,311.2,0,-7164.4311776865552,1,0.75,1,11.9565,187.118,6.54484,0.636258,0.990156,-0.325906,-0.488953,0.254386,-0.147302,2.79759,-0.115199,0.0323854,0.254512,0.04933,0.165794,0.138524,0.0434255,NA,NA,NA,NA,NA,NA,NA,NA,NA,NA,NA,NA,NA,NA,NA,NA,NA,NA,NA,NA,NA,NA,NA,NA,NA,NA,NA,NA,NA,NA,NA,NA,NA,NA,NA,NA,NA,NA,NA,NA,NA,NA,NA,NA,NA,NA
90,1,1,0,1,0,0,0,0,0,0,0,0,3.4,NA,FOCE_I,0:09:28,293.36,0,-7128.8990917703250,1,0.75,1,12.0472,182.74,6.44745,0.60285,0.764343,-0.339609,-0.555185,0.219924,-0.150389,1.90679,-0.122686,0.0183992,0.313743,0.0433748,0.135773,0.127164,0.0457593,NA,NA,NA,NA,NA,NA,NA,NA,NA,NA,NA,NA,NA,NA,NA,NA,NA,NA,NA,NA,NA,NA,NA,NA,NA,NA,NA,NA,NA,NA,NA,NA,NA,NA,NA,NA,NA,NA,NA,NA,NA,NA,NA,NA,NA,NA
91,1,1,0,1,0,0,0,0,0,0,0,0,3.7,NA,FOCE_I,0:07:24,148.3,0,-7574.5924952299401,1,0.75,1,11.8026,179.428,6.31268,0.586896,1.05708,-0.322915,-0.650713,0.193199,-0.145043,1.53956,-0.176676,0.0352245,0.231533,0.0523942,0.148987,0.138993,0.0438036,NA,NA,NA,NA,NA,NA,NA,NA,NA,NA,NA,NA,NA,NA,NA,NA,NA,NA,NA,NA,NA,NA,NA,NA,NA,NA,NA,NA,NA,NA,NA,NA,NA,NA,NA,NA,NA,NA,NA,NA,NA,NA,NA,NA,NA,NA
92,1,1,0,0,0,0,0,1,0,0,0,0,2.5,NA,FOCE_I,0:09:01,230.95,0,-6553.5139732944945,1,0.75,1,11.5484,178.138,6.52581,0.60335,1.09208,-0.347986,-0.53356,0.26915,-0.156559,2.38513,-0.160681,0.0259062,0.252689,0.0604691,0.114107,0.140963,0.0445801,NA,NA,NA,NA,NA,NA,NA,NA,NA,NA,NA,NA,NA,NA,NA,NA,NA,NA,NA,NA,NA,NA,NA,NA,NA,NA,NA,NA,NA,NA,NA,NA,NA,NA,NA,NA,NA,NA,NA,NA,NA,NA,NA,NA,NA,NA
93,1,1,0,1,0,0,1,0,4,1,0,0,4.6,NA,FOCE_I,0:08:08,211.88,0,-6949.9502015153239,1,0.75,1,11.9943,190.548,6.49951,0.613744,1.16935,-0.35437,-0.492312,0.269302,-0.129239,2.99639,-0.137279,0.0245111,0.304981,0.0322464,0.135465,0.152369,0.0466655,NA,NA,NA,NA,NA,NA,NA,NA,NA,NA,NA,NA,NA,NA,NA,NA,NA,NA,NA,NA,NA,NA,NA,NA,NA,NA,NA,NA,NA,NA,NA,NA,NA,NA,NA,NA,NA,NA,NA,NA,NA,NA,NA,NA,NA,NA
94,1,1,0,0,0,0,0,1,0,0,1,0,3,NA,FOCE_I,0:08:17,202.85,0,-7242.1284558442758,1,0.75,1,12.2984,203.623,6.65727,0.626713,1.37274,-0.327537,-0.48717,0.265945,-0.130869,2.60263,-0.0661734,0.0193052,0.254926,0.051413,0.146586,0.161951,0.0458516,NA,NA,NA,NA,NA,NA,NA,NA,NA,NA,NA,NA,NA,NA,NA,NA,NA,NA,NA,NA,NA,NA,NA,NA,NA,NA,NA,NA,NA,NA,NA,NA,NA,NA,NA,NA,NA,NA,NA,NA,NA,NA,NA,NA,NA,NA
95,1,1,0,1,0,0,0,0,0,0,0,0,3.2,NA,FOCE_I,0:08:59,223.66,0,-7422.5458526208768,1,0.75,1,12.1287,187.56,6.65474,0.632803,1.08802,-0.373503,-0.554899,0.226885,-0.145782,1.97814,-0.146423,0.0271151,0.259755,0.058956,0.184642,0.126445,0.0433332,NA,NA,NA,NA,NA,NA,NA,NA,NA,NA,NA,NA,NA,NA,NA,NA,NA,NA,NA,NA,NA,NA,NA,NA,NA,NA,NA,NA,NA,NA,NA,NA,NA,NA,NA,NA,NA,NA,NA,NA,NA,NA,NA,NA,NA,NA
96,1,1,0,1,0,0,0,0,0,0,0,0,3.9,NA,FOCE_I,0:08:03,187.75,0,-7248.4328788756002,1,0.75,1,11.6211,180.337,6.79108,0.637147,1.2538,-0.335596,-0.508814,0.232758,-0.126449,2.14161,-0.154768,0.0303939,0.290266,0.0362365,0.15155,0.129566,0.0424831,NA,NA,NA,NA,NA,NA,NA,NA,NA,NA,NA,NA,NA,NA,NA,NA,NA,NA,NA,NA,NA,NA,NA,NA,NA,NA,NA,NA,NA,NA,NA,NA,NA,NA,NA,NA,NA,NA,NA,NA,NA,NA,NA,NA,NA,NA
97,1,1,0,0,0,0,1,1,7,1,0,0,NA,NA,FOCE_I,0:09:20,238.46,0,-7181.9344947480067,1,0.75,1,11.9567,192.038,6.247,0.619385,0.933731,-0.348427,-0.545653,0.256544,-0.15892,2.99639,-0.120973,0.0290069,0.297437,0.0236746,0.162861,0.154965,0.044555,NA,NA,NA,NA,NA,NA,NA,NA,NA,NA,NA,NA,NA,NA,NA,NA,NA,NA,NA,NA,NA,NA,NA,NA,NA,NA,NA,NA,NA,NA,NA,NA,NA,NA,NA,NA,NA,NA,NA,NA,NA,NA,NA,NA,NA,NA
98,1,1,0,1,0,0,0,0,0,0,0,0,3.2,NA,FOCE_I,0:09:13,229.34,0,-7621.7833662262638,1,0.75,1,12.0788,205.912,6.28332,0.629566,1.34683,-0.306205,-0.427148,0.317084,-0.15378,2.77803,-0.134845,0.0281137,0.258713,0.0401753,0.170606,0.14595,0.0435787,NA,NA,NA,NA,NA,NA,NA,NA,NA,NA,NA,NA,NA,NA,NA,NA,NA,NA,NA,NA,NA,NA,NA,NA,NA,NA,NA,NA,NA,NA,NA,NA,NA,NA,NA,NA,NA,NA,NA,NA,NA,NA,NA,NA,NA,NA
99,1,1,0,1,0,0,1,0,6,1,1,0,3.2,NA,FOCE_I,0:12:24,418.3,0,-7320.7233745318808,1,0.75,1,11.7293,183.27,6.36337,0.560634,1.12999,-0.310952,-0.535877,0.200348,-0.143095,2.99639,-0.152284,0.0238182,0.207831,0.0633549,0.145975,0.14117,0.0457287,NA,NA,NA,NA,NA,NA,NA,NA,NA,NA,NA,NA,NA,NA,NA,NA,NA,NA,NA,NA,NA,NA,NA,NA,NA,NA,NA,NA,NA,NA,NA,NA,NA,NA,NA,NA,NA,NA,NA,NA,NA,NA,NA,NA,NA,NA
100,1,1,0,0,0,0,0,1,0,0,4,0,1.7,NA,FOCE_I,0:11:17,354.37,0,-7478.2052732162538,1,0.75,1,11.5557,186.016,6.35053,0.58374,1.52364,-0.328677,-0.581675,0.289242,-0.146917,2.33712,-0.130886,0.00959069,0.243243,0.048005,0.191582,0.154243,0.0468355,NA,NA,NA,NA,NA,NA,NA,NA,NA,NA,NA,NA,NA,NA,NA,NA,NA,NA,NA,NA,NA,NA,NA,NA,NA,NA,NA,NA,NA,NA,NA,NA,NA,NA,NA,NA,NA,NA,NA,NA,NA,NA,NA,NA,NA,NA
101,1,1,0,1,0,0,1,0,4,1,0,0,5.3,NA,FOCE_I,0:07:39,258.51,0,-7497.6858509653239,1,0.75,1,12.1551,193.877,6.53817,0.649776,1.46943,-0.351973,-0.494465,0.244357,-0.146772,2.99639,-0.127862,0.0240736,0.226794,0.0611358,0.130548,0.15218,0.0435708,NA,NA,NA,NA,NA,NA,NA,NA,NA,NA,NA,NA,NA,NA,NA,NA,NA,NA,NA,NA,NA,NA,NA,NA,NA,NA,NA,NA,NA,NA,NA,NA,NA,NA,NA,NA,NA,NA,NA,NA,NA,NA,NA,NA,NA,NA
102,1,1,0,1,0,0,0,0,0,0,0,0,4.3,NA,FOCE_I,0:05:52,175.29,0,-7433.8008049382070,1,0.75,1,11.6017,177.516,6.59005,0.618386,1.52993,-0.332845,-0.478341,0.233673,-0.144938,2.15493,-0.153028,0.0280972,0.227921,0.0619667,0.129702,0.147277,0.0420714,NA,NA,NA,NA,NA,NA,NA,NA,NA,NA,NA,NA,NA,NA,NA,NA,NA,NA,NA,NA,NA,NA,NA,NA,NA,NA,NA,NA,NA,NA,NA,NA,NA,NA,NA,NA,NA,NA,NA,NA,NA,NA,NA,NA,NA,NA
103,1,1,0,1,0,0,0,0,0,0,0,0,3.1,NA,FOCE_I,0:06:31,199.68,0,-7937.6899515011073,1,0.75,1,11.8765,201.064,6.48467,0.62693,1.35161,-0.306404,-0.600657,0.233236,-0.150247,1.4518,-0.135462,0.0301421,0.260516,0.0211168,0.223644,0.131289,0.0435932,NA,NA,NA,NA,NA,NA,NA,NA,NA,NA,NA,NA,NA,NA,NA,NA,NA,NA,NA,NA,NA,NA,NA,NA,NA,NA,NA,NA,NA,NA,NA,NA,NA,NA,NA,NA,NA,NA,NA,NA,NA,NA,NA,NA,NA,NA
104,1,1,0,1,0,0,1,0,4,1,0,0,4.2,NA,FOCE_I,0:06:23,198.29,0,-7094.6839546782057,1,0.75,1,11.996,195.43,6.41126,0.636473,1.03855,-0.339015,-0.495014,0.262812,-0.150226,2.99639,-0.20806,0.0329167,0.221035,0.0618478,0.14915,0.15422,0.0449657,NA,NA,NA,NA,NA,NA,NA,NA,NA,NA,NA,NA,NA,NA,NA,NA,NA,NA,NA,NA,NA,NA,NA,NA,NA,NA,NA,NA,NA,NA,NA,NA,NA,NA,NA,NA,NA,NA,NA,NA,NA,NA,NA,NA,NA,NA
105,1,1,0,1,0,0,0,0,0,0,0,0,3.4,NA,FOCE_I,0:06:51,227.04,0,-7289.3453264603304,1,0.75,1,11.9556,189.616,6.40792,0.580544,0.608347,-0.319209,-0.519706,0.260962,-0.151273,2.85791,-0.12951,0.0288583,0.244372,0.0412565,0.166453,0.130149,0.0444132,NA,NA,NA,NA,NA,NA,NA,NA,NA,NA,NA,NA,NA,NA,NA,NA,NA,NA,NA,NA,NA,NA,NA,NA,NA,NA,NA,NA,NA,NA,NA,NA,NA,NA,NA,NA,NA,NA,NA,NA,NA,NA,NA,NA,NA,NA
106,1,1,0,0,0,0,0,1,0,0,1,0,NA,NA,FOCE_I,0:07:26,260.19,0,-7518.8388994954794,1,0.75,1,11.3103,177.921,6.6569,0.608602,1.32292,-0.318582,-0.467504,0.246037,-0.155675,2.12273,-0.165818,0.0236483,0.264325,0.0419082,0.181128,0.135046,0.0452833,NA,NA,NA,NA,NA,NA,NA,NA,NA,NA,NA,NA,NA,NA,NA,NA,NA,NA,NA,NA,NA,NA,NA,NA,NA,NA,NA,NA,NA,NA,NA,NA,NA,NA,NA,NA,NA,NA,NA,NA,NA,NA,NA,NA,NA,NA
107,1,1,0,1,0,0,0,0,0,0,8,0,3.2,NA,FOCE_I,0:21:19,1090.09,0,-7738.4094811197729,1,0.75,1,12.1695,213.5,6.16669,0.589829,1.56033,-0.327822,-0.493963,0.289037,-0.14035,2.97568,-0.137275,0.0242273,0.215264,0.0544464,0.164733,0.151421,0.0447133,NA,NA,NA,NA,NA,NA,NA,NA,NA,NA,NA,NA,NA,NA,NA,NA,NA,NA,NA,NA,NA,NA,NA,NA,NA,NA,NA,NA,NA,NA,NA,NA,NA,NA,NA,NA,NA,NA,NA,NA,NA,NA,NA,NA,NA,NA
108,1,1,0,1,0,0,1,0,2,0,0,0,3.4,NA,FOCE_I,0:07:24,247.25,0,-7383.2536361955554,1,0.75,1,12.396,198.97,6.49832,0.590024,0.957041,-0.343947,-0.53061,0.232645,-0.135593,2.99639,-0.0984225,0.024942,0.24976,0.0593415,0.158699,0.132659,0.0444469,NA,NA,NA,NA,NA,NA,NA,NA,NA,NA,NA,NA,NA,NA,NA,NA,NA,NA,NA,NA,NA,NA,NA,NA,NA,NA,NA,NA,NA,NA,NA,NA,NA,NA,NA,NA,NA,NA,NA,NA,NA,NA,NA,NA,NA,NA
109,1,1,0,1,0,0,0,0,0,0,1,0,3.7,NA,FOCE_I,0:06:38,210.07,0,-8025.9120461831526,1,0.75,1,11.8434,189.375,6.52373,0.646383,1.09169,-0.257464,-0.511758,0.291435,-0.143535,2.7703,-0.112685,0.0186115,0.310394,0.0296525,0.171006,0.16734,0.0431795,NA,NA,NA,NA,NA,NA,NA,NA,NA,NA,NA,NA,NA,NA,NA,NA,NA,NA,NA,NA,NA,NA,NA,NA,NA,NA,NA,NA,NA,NA,NA,NA,NA,NA,NA,NA,NA,NA,NA,NA,NA,NA,NA,NA,NA,NA
110,1,1,0,1,0,0,0,0,0,0,1,0,3.3,NA,FOCE_I,0:07:49,272.21,0,-7448.5343010814713,1,0.75,1,11.7185,185.27,6.37597,0.595424,1.69423,-0.314214,-0.516337,0.210512,-0.145401,2.55605,-0.138654,0.0246999,0.246361,0.048725,0.14385,0.138763,0.0439279,NA,NA,NA,NA,NA,NA,NA,NA,NA,NA,NA,NA,NA,NA,NA,NA,NA,NA,NA,NA,NA,NA,NA,NA,NA,NA,NA,NA,NA,NA,NA,NA,NA,NA,NA,NA,NA,NA,NA,NA,NA,NA,NA,NA,NA,NA
111,1,1,0,1,0,0,0,0,0,0,0,0,3.2,NA,FOCE_I,0:08:31,305.18,0,-7250.1877381133872,1,0.75,1,11.9274,190.609,6.42433,0.618852,1.30991,-0.309302,-0.438286,0.224374,-0.154596,2.86634,-0.136838,0.0260108,0.279609,0.0408558,0.177357,0.144064,0.0418857,NA,NA,NA,NA,NA,NA,NA,NA,NA,NA,NA,NA,NA,NA,NA,NA,NA,NA,NA,NA,NA,NA,NA,NA,NA,NA,NA,NA,NA,NA,NA,NA,NA,NA,NA,NA,NA,NA,NA,NA,NA,NA,NA,NA,NA,NA
112,1,1,0,0,0,0,0,1,0,0,1,0,2.7,NA,FOCE_I,0:07:22,246.05,0,-7723.9860186944670,1,0.75,1,12.6525,199.995,6.35201,0.60388,1.37958,-0.323478,-0.568265,0.228135,-0.138596,2.63865,-0.140129,0.0316863,0.290263,0.0324836,0.175308,0.138566,0.0401239,NA,NA,NA,NA,NA,NA,NA,NA,NA,NA,NA,NA,NA,NA,NA,NA,NA,NA,NA,NA,NA,NA,NA,NA,NA,NA,NA,NA,NA,NA,NA,NA,NA,NA,NA,NA,NA,NA,NA,NA,NA,NA,NA,NA,NA,NA
113,1,1,0,0,0,0,0,1,0,0,1,0,NA,NA,FOCE_I,0:07:04,235.01,0,-7671.0998052422483,1,0.75,1,11.9352,202.213,6.42669,0.603858,1.31215,-0.301476,-0.519335,0.263471,-0.150619,2.70513,-0.0972373,0.0271432,0.258603,0.0443198,0.186382,0.136036,0.0453262,NA,NA,NA,NA,NA,NA,NA,NA,NA,NA,NA,NA,NA,NA,NA,NA,NA,NA,NA,NA,NA,NA,NA,NA,NA,NA,NA,NA,NA,NA,NA,NA,NA,NA,NA,NA,NA,NA,NA,NA,NA,NA,NA,NA,NA,NA
114,1,1,0,1,0,0,0,0,0,0,0,0,3.4,NA,FOCE_I,0:05:39,148.85,0,-6690.2465668470377,1,0.75,1,11.8724,187.308,6.41356,0.615338,1.28038,-0.345326,-0.535243,0.286098,-0.143251,2.41118,-0.10354,0.0224538,0.2558,0.0360641,0.153655,0.158232,0.0461354,NA,NA,NA,NA,NA,NA,NA,NA,NA,NA,NA,NA,NA,NA,NA,NA,NA,NA,NA,NA,NA,NA,NA,NA,NA,NA,NA,NA,NA,NA,NA,NA,NA,NA,NA,NA,NA,NA,NA,NA,NA,NA,NA,NA,NA,NA
115,1,1,0,1,0,0,1,0,5,1,0,0,3.4,NA,FOCE_I,0:06:41,210.46,0,-7468.5776382594149,1,0.75,1,12.3211,196.408,6.5769,0.633034,0.930877,-0.281048,-0.539615,0.222777,-0.141282,2.99639,-0.141194,0.0231798,0.286349,0.0187263,0.190814,0.116594,0.0439729,NA,NA,NA,NA,NA,NA,NA,NA,NA,NA,NA,NA,NA,NA,NA,NA,NA,NA,NA,NA,NA,NA,NA,NA,NA,NA,NA,NA,NA,NA,NA,NA,NA,NA,NA,NA,NA,NA,NA,NA,NA,NA,NA,NA,NA,NA
116,1,1,0,1,0,0,0,0,0,0,0,0,3.4,NA,FOCE_I,0:06:33,201.93,0,-7092.0109018727717,1,0.75,1,12.051,192.361,6.54252,0.622076,1.45519,-0.333467,-0.650745,0.246968,-0.143064,1.37148,-0.0877509,0.0225113,0.275634,0.0413745,0.162127,0.144782,0.0430523,NA,NA,NA,NA,NA,NA,NA,NA,NA,NA,NA,NA,NA,NA,NA,NA,NA,NA,NA,NA,NA,NA,NA,NA,NA,NA,NA,NA,NA,NA,NA,NA,NA,NA,NA,NA,NA,NA,NA,NA,NA,NA,NA,NA,NA,NA
117,1,1,0,1,0,0,0,0,0,0,0,0,3.8,NA,FOCE_I,0:05:24,134.84,0,-7599.8913381187431,1,0.75,1,11.7933,188.684,6.49624,0.61897,1.35913,-0.310855,-0.496252,0.230059,-0.153773,2.28322,-0.109001,0.0207582,0.243419,0.0697332,0.125205,0.129465,0.0453992,NA,NA,NA,NA,NA,NA,NA,NA,NA,NA,NA,NA,NA,NA,NA,NA,NA,NA,NA,NA,NA,NA,NA,NA,NA,NA,NA,NA,NA,NA,NA,NA,NA,NA,NA,NA,NA,NA,NA,NA,NA,NA,NA,NA,NA,NA
118,1,1,0,1,0,0,0,0,0,0,0,0,3.3,NA,FOCE_I,0:06:22,194.97,0,-7439.2334613311596,1,0.75,1,12.2327,201.31,6.1683,0.575969,0.926674,-0.357535,-0.518574,0.244314,-0.148982,2.34173,-0.118696,0.0200969,0.254837,0.0553302,0.152315,0.148455,0.0438576,NA,NA,NA,NA,NA,NA,NA,NA,NA,NA,NA,NA,NA,NA,NA,NA,NA,NA,NA,NA,NA,NA,NA,NA,NA,NA,NA,NA,NA,NA,NA,NA,NA,NA,NA,NA,NA,NA,NA,NA,NA,NA,NA,NA,NA,NA
119,1,1,0,1,0,0,1,0,5,1,0,0,3.5,NA,FOCE_I,0:07:05,227.74,0,-7716.6800342218212,1,0.75,1,12.5414,196.759,6.54222,0.6401,1.16462,-0.30511,-0.453628,0.240795,-0.148802,2.99639,-0.079676,0.0229937,0.262458,0.0209304,0.162835,0.144566,0.041895,NA,NA,NA,NA,NA,NA,NA,NA,NA,NA,NA,NA,NA,NA,NA,NA,NA,NA,NA,NA,NA,NA,NA,NA,NA,NA,NA,NA,NA,NA,NA,NA,NA,NA,NA,NA,NA,NA,NA,NA,NA,NA,NA,NA,NA,NA
120,1,1,0,1,0,0,0,0,0,0,1,0,3.3,NA,FOCE_I,0:07:33,260.15,0,-7299.5722278479925,1,0.75,1,12.1913,192.303,6.54077,0.604176,1.64991,-0.415375,-0.453685,0.254387,-0.147901,2.39056,-0.119211,0.0214447,0.242272,0.0559769,0.147665,0.134806,0.0443931,NA,NA,NA,NA,NA,NA,NA,NA,NA,NA,NA,NA,NA,NA,NA,NA,NA,NA,NA,NA,NA,NA,NA,NA,NA,NA,NA,NA,NA,NA,NA,NA,NA,NA,NA,NA,NA,NA,NA,NA,NA,NA,NA,NA,NA,NA
121,1,1,0,0,0,0,0,1,0,0,0,0,3,NA,FOCE_I,0:06:04,175.11,0,-7708.5229647807028,1,0.75,1,11.6651,186.94,6.46544,0.602929,1.07752,-0.325647,-0.541191,0.226279,-0.146382,2.51777,-0.167783,0.0237655,0.269537,0.0329246,0.176677,0.130216,0.0442093,NA,NA,NA,NA,NA,NA,NA,NA,NA,NA,NA,NA,NA,NA,NA,NA,NA,NA,NA,NA,NA,NA,NA,NA,NA,NA,NA,NA,NA,NA,NA,NA,NA,NA,NA,NA,NA,NA,NA,NA,NA,NA,NA,NA,NA,NA
122,1,1,0,1,0,0,0,0,0,0,0,0,3.8,NA,FOCE_I,0:05:30,136.81,0,-7175.1482866691813,1,0.75,1,12.0872,195.029,6.20136,0.603121,1.55387,-0.350768,-0.643057,0.257511,-0.138744,1.53739,-0.114969,0.0227919,0.273193,0.0486694,0.137295,0.131198,0.0439074,NA,NA,NA,NA,NA,NA,NA,NA,NA,NA,NA,NA,NA,NA,NA,NA,NA,NA,NA,NA,NA,NA,NA,NA,NA,NA,NA,NA,NA,NA,NA,NA,NA,NA,NA,NA,NA,NA,NA,NA,NA,NA,NA,NA,NA,NA
123,1,1,0,0,0,0,0,1,0,0,2,0,2.9,NA,FOCE_I,0:08:57,342.85,0,-7385.7409689130882,1,0.75,1,11.4898,181.726,6.2631,0.585045,1.65404,-0.35629,-0.496077,0.239216,-0.139591,2.35483,-0.172947,0.0189058,0.244263,0.0531135,0.143932,0.134331,0.0461152,NA,NA,NA,NA,NA,NA,NA,NA,NA,NA,NA,NA,NA,NA,NA,NA,NA,NA,NA,NA,NA,NA,NA,NA,NA,NA,NA,NA,NA,NA,NA,NA,NA,NA,NA,NA,NA,NA,NA,NA,NA,NA,NA,NA,NA,NA
124,1,1,0,1,0,0,0,0,0,0,0,0,3.6,NA,FOCE_I,0:06:40,210.62,0,-7543.3141519092978,1,0.75,1,12.0182,196.269,6.43337,0.636523,0.968704,-0.349121,-0.513921,0.264004,-0.143754,2.84659,-0.129523,0.0400928,0.283044,0.0372311,0.170673,0.155909,0.0435321,NA,NA,NA,NA,NA,NA,NA,NA,NA,NA,NA,NA,NA,NA,NA,NA,NA,NA,NA,NA,NA,NA,NA,NA,NA,NA,NA,NA,NA,NA,NA,NA,NA,NA,NA,NA,NA,NA,NA,NA,NA,NA,NA,NA,NA,NA
125,1,1,0,1,0,0,1,0,4,1,0,0,3.1,NA,FOCE_I,0:07:45,270.32,0,-7578.2998567030481,1,0.75,1,11.7787,202.069,6.19754,0.616864,1.40991,-0.34139,-0.437454,0.297439,-0.147349,2.99639,-0.143707,0.0235091,0.228594,0.0734395,0.153663,0.149464,0.0447311,NA,NA,NA,NA,NA,NA,NA,NA,NA,NA,NA,NA,NA,NA,NA,NA,NA,NA,NA,NA,NA,NA,NA,NA,NA,NA,NA,NA,NA,NA,NA,NA,NA,NA,NA,NA,NA,NA,NA,NA,NA,NA,NA,NA,NA,NA
126,1,1,0,1,0,0,0,0,0,0,0,0,3.2,NA,FOCE_I,0:06:08,174.09,0,-7434.2112885658207,1,0.75,1,11.4702,191.852,6.31683,0.598336,1.28135,-0.311464,-0.63496,0.314634,-0.147352,1.89519,-0.145914,0.0137595,0.260452,0.0542758,0.165635,0.133725,0.044255,NA,NA,NA,NA,NA,NA,NA,NA,NA,NA,NA,NA,NA,NA,NA,NA,NA,NA,NA,NA,NA,NA,NA,NA,NA,NA,NA,NA,NA,NA,NA,NA,NA,NA,NA,NA,NA,NA,NA,NA,NA,NA,NA,NA,NA,NA
127,1,1,0,1,0,0,1,0,4,1,0,0,3.9,NA,FOCE_I,0:06:32,190.21,0,-6735.6550926169448,1,0.75,1,12.0256,190.001,6.17922,0.610186,0.975376,-0.344676,-0.466876,0.268048,-0.144324,2.99639,-0.132037,0.019106,0.271603,0.0384704,0.11726,0.146195,0.0476792,NA,NA,NA,NA,NA,NA,NA,NA,NA,NA,NA,NA,NA,NA,NA,NA,NA,NA,NA,NA,NA,NA,NA,NA,NA,NA,NA,NA,NA,NA,NA,NA,NA,NA,NA,NA,NA,NA,NA,NA,NA,NA,NA,NA,NA,NA
128,1,1,0,0,0,0,0,1,0,0,0,0,3,NA,FOCE_I,0:06:35,192.97,0,-7474.2027222618499,1,0.75,1,12.8378,210.672,6.68479,0.595969,1.50062,-0.412569,-0.572804,0.247813,-0.135622,2.52766,-0.110273,0.0235822,0.198591,0.0748134,0.155022,0.145993,0.0423602,NA,NA,NA,NA,NA,NA,NA,NA,NA,NA,NA,NA,NA,NA,NA,NA,NA,NA,NA,NA,NA,NA,NA,NA,NA,NA,NA,NA,NA,NA,NA,NA,NA,NA,NA,NA,NA,NA,NA,NA,NA,NA,NA,NA,NA,NA
129,1,1,0,1,0,0,1,0,7,1,0,0,3.1,NA,FOCE_I,0:05:35,135.54,0,-7301.6935054509850,1,0.75,1,12.0135,182.922,6.46446,0.602596,0.979569,-0.336361,-0.37536,0.216171,-0.12479,2.99639,-0.13572,0.0242638,0.222041,0.050573,0.124598,0.134254,0.0441226,NA,NA,NA,NA,NA,NA,NA,NA,NA,NA,NA,NA,NA,NA,NA,NA,NA,NA,NA,NA,NA,NA,NA,NA,NA,NA,NA,NA,NA,NA,NA,NA,NA,NA,NA,NA,NA,NA,NA,NA,NA,NA,NA,NA,NA,NA
130,1,1,0,1,0,0,0,0,0,0,0,0,3.1,NA,FOCE_I,0:06:08,169.58,0,-7004.4845573540415,1,0.75,1,12.2557,194.776,6.60375,0.667696,1.34985,-0.327638,-0.530617,0.272663,-0.131512,2.91745,-0.0966228,0.0224743,0.251581,0.0377265,0.206567,0.147048,0.0448987,NA,NA,NA,NA,NA,NA,NA,NA,NA,NA,NA,NA,NA,NA,NA,NA,NA,NA,NA,NA,NA,NA,NA,NA,NA,NA,NA,NA,NA,NA,NA,NA,NA,NA,NA,NA,NA,NA,NA,NA,NA,NA,NA,NA,NA,NA
131,1,1,0,1,0,0,0,0,0,0,0,0,3,NA,FOCE_I,0:07:52,264.23,0,-7189.7264060532880,1,0.75,1,12.2188,194.942,6.4385,0.625409,1.20602,-0.288737,-0.48293,0.223905,-0.135067,2.65778,-0.116334,0.0275734,0.26133,0.0372764,0.143905,0.150458,0.0447403,NA,NA,NA,NA,NA,NA,NA,NA,NA,NA,NA,NA,NA,NA,NA,NA,NA,NA,NA,NA,NA,NA,NA,NA,NA,NA,NA,NA,NA,NA,NA,NA,NA,NA,NA,NA,NA,NA,NA,NA,NA,NA,NA,NA,NA,NA
132,1,1,0,1,0,0,0,0,0,0,0,0,4.4,NA,FOCE_I,0:06:35,192.52,0,-7628.0785148829564,1,0.75,1,11.4349,178.984,6.57536,0.606018,1.61394,-0.336169,-0.468941,0.206428,-0.144048,2.93299,-0.204402,0.0243026,0.220516,0.0453561,0.202811,0.163564,0.0411132,NA,NA,NA,NA,NA,NA,NA,NA,NA,NA,NA,NA,NA,NA,NA,NA,NA,NA,NA,NA,NA,NA,NA,NA,NA,NA,NA,NA,NA,NA,NA,NA,NA,NA,NA,NA,NA,NA,NA,NA,NA,NA,NA,NA,NA,NA
133,1,1,0,1,0,0,0,0,0,0,0,0,3.1,NA,FOCE_I,0:06:17,166.11,0,-7068.1247831673500,1,0.75,1,11.8589,191.033,6.5452,0.621939,1.59695,-0.336995,-0.586296,0.243311,-0.139317,1.85379,-0.24482,0.0305495,0.289407,0.0204112,0.225417,0.1427,0.0469548,NA,NA,NA,NA,NA,NA,NA,NA,NA,NA,NA,NA,NA,NA,NA,NA,NA,NA,NA,NA,NA,NA,NA,NA,NA,NA,NA,NA,NA,NA,NA,NA,NA,NA,NA,NA,NA,NA,NA,NA,NA,NA,NA,NA,NA,NA
134,1,1,0,1,0,0,0,0,0,0,0,0,3.5,NA,FOCE_I,0:06:11,160.17,0,-7801.1922138824029,1,0.75,1,12.3875,202.633,6.49142,0.62994,1.1068,-0.329322,-0.510883,0.254697,-0.134221,2.60092,-0.108426,0.0354542,0.225272,0.0660591,0.135018,0.144126,0.0451933,NA,NA,NA,NA,NA,NA,NA,NA,NA,NA,NA,NA,NA,NA,NA,NA,NA,NA,NA,NA,NA,NA,NA,NA,NA,NA,NA,NA,NA,NA,NA,NA,NA,NA,NA,NA,NA,NA,NA,NA,NA,NA,NA,NA,NA,NA
135,1,1,0,1,0,0,0,0,0,0,0,0,4.2,NA,FOCE_I,0:06:15,174.84,0,-7389.2915563567249,1,0.75,1,12.2321,194.493,6.45466,0.629811,1.0174,-0.348187,-0.606038,0.252301,-0.152544,2.37361,-0.127562,0.0257467,0.262544,0.0322199,0.140617,0.149292,0.0461498,NA,NA,NA,NA,NA,NA,NA,NA,NA,NA,NA,NA,NA,NA,NA,NA,NA,NA,NA,NA,NA,NA,NA,NA,NA,NA,NA,NA,NA,NA,NA,NA,NA,NA,NA,NA,NA,NA,NA,NA,NA,NA,NA,NA,NA,NA
136,1,1,0,1,0,0,0,0,0,0,0,0,3,NA,FOCE_I,0:05:13,124.63,0,-7151.3018693237618,1,0.75,1,11.7495,180.284,6.53484,0.6264,1.01818,-0.424239,-0.637302,0.270216,-0.138128,2.03418,-0.173775,0.0274232,0.234093,0.0556519,0.143051,0.164315,0.0422718,NA,NA,NA,NA,NA,NA,NA,NA,NA,NA,NA,NA,NA,NA,NA,NA,NA,NA,NA,NA,NA,NA,NA,NA,NA,NA,NA,NA,NA,NA,NA,NA,NA,NA,NA,NA,NA,NA,NA,NA,NA,NA,NA,NA,NA,NA
137,1,1,0,1,0,0,0,0,0,0,0,0,3.5,NA,FOCE_I,0:07:18,242.85,0,-7644.0083276012338,1,0.75,1,12.0662,192.573,6.46124,0.60532,1.35577,-0.333984,-0.527348,0.240998,-0.14011,2.19515,-0.0615367,0.0201293,0.250368,0.0627725,0.139424,0.148719,0.0461677,NA,NA,NA,NA,NA,NA,NA,NA,NA,NA,NA,NA,NA,NA,NA,NA,NA,NA,NA,NA,NA,NA,NA,NA,NA,NA,NA,NA,NA,NA,NA,NA,NA,NA,NA,NA,NA,NA,NA,NA,NA,NA,NA,NA,NA,NA
138,1,1,0,1,0,0,0,0,0,0,0,0,4.3,NA,FOCE_I,0:06:31,186.35,0,-7028.0718527667832,1,0.75,1,11.6892,183.095,6.53677,0.590765,1.27971,-0.322444,-0.52192,0.260629,-0.162525,2.86523,-0.145852,0.0159223,0.23481,0.0499404,0.149749,0.15726,0.0450482,NA,NA,NA,NA,NA,NA,NA,NA,NA,NA,NA,NA,NA,NA,NA,NA,NA,NA,NA,NA,NA,NA,NA,NA,NA,NA,NA,NA,NA,NA,NA,NA,NA,NA,NA,NA,NA,NA,NA,NA,NA,NA,NA,NA,NA,NA
139,1,1,0,1,0,0,0,0,0,0,0,0,3.6,NA,FOCE_I,0:05:31,133.22,0,-7568.0809931709364,1,0.75,1,11.7556,184.133,6.4319,0.620599,0.955346,-0.303991,-0.541658,0.212092,-0.158203,2.12281,-0.204899,0.0326877,0.279066,0.0287216,0.146236,0.14181,0.0425458,NA,NA,NA,NA,NA,NA,NA,NA,NA,NA,NA,NA,NA,NA,NA,NA,NA,NA,NA,NA,NA,NA,NA,NA,NA,NA,NA,NA,NA,NA,NA,NA,NA,NA,NA,NA,NA,NA,NA,NA,NA,NA,NA,NA,NA,NA
140,1,1,0,1,0,0,1,0,3,1,0,0,3.2,NA,FOCE_I,0:08:48,320.29,0,-7273.7104841261835,1,0.75,1,11.7877,197.344,6.54089,0.589452,1.49469,-0.381664,-0.468844,0.260019,-0.139548,2.99639,-0.133659,0.0272044,0.268982,0.0438233,0.218969,0.147588,0.0475003,NA,NA,NA,NA,NA,NA,NA,NA,NA,NA,NA,NA,NA,NA,NA,NA,NA,NA,NA,NA,NA,NA,NA,NA,NA,NA,NA,NA,NA,NA,NA,NA,NA,NA,NA,NA,NA,NA,NA,NA,NA,NA,NA,NA,NA,NA
141,1,1,0,0,0,0,0,1,0,0,1,0,3,NA,FOCE_I,0:07:25,246.5,0,-7629.0310581557187,1,0.75,1,11.5405,185.41,6.6632,0.59776,1.18437,-0.375927,-0.538819,0.248951,-0.142124,2.80873,-0.187406,0.0317661,0.187684,0.0676363,0.140712,0.13682,0.0429092,NA,NA,NA,NA,NA,NA,NA,NA,NA,NA,NA,NA,NA,NA,NA,NA,NA,NA,NA,NA,NA,NA,NA,NA,NA,NA,NA,NA,NA,NA,NA,NA,NA,NA,NA,NA,NA,NA,NA,NA,NA,NA,NA,NA,NA,NA
142,1,1,0,1,0,0,0,0,0,0,0,0,3.7,NA,FOCE_I,0:05:32,130.59,0,-7130.1068245039560,1,0.75,1,12.4551,197.944,6.67798,0.622379,0.997778,-0.411929,-0.651972,0.256587,-0.154054,1.88356,-0.117965,0.0246082,0.231872,0.0535368,0.149633,0.147597,0.0448635,NA,NA,NA,NA,NA,NA,NA,NA,NA,NA,NA,NA,NA,NA,NA,NA,NA,NA,NA,NA,NA,NA,NA,NA,NA,NA,NA,NA,NA,NA,NA,NA,NA,NA,NA,NA,NA,NA,NA,NA,NA,NA,NA,NA,NA,NA
143,1,1,0,1,0,0,1,0,4,1,0,0,4,NA,FOCE_I,0:08:13,271.62,0,-7865.8508118208274,1,0.75,1,11.6716,185.313,6.30409,0.596266,1.59238,-0.362842,-0.516791,0.251454,-0.126421,2.99639,-0.100929,0.018442,0.210443,0.0591269,0.126823,0.139428,0.041799,NA,NA,NA,NA,NA,NA,NA,NA,NA,NA,NA,NA,NA,NA,NA,NA,NA,NA,NA,NA,NA,NA,NA,NA,NA,NA,NA,NA,NA,NA,NA,NA,NA,NA,NA,NA,NA,NA,NA,NA,NA,NA,NA,NA,NA,NA
144,1,1,0,1,0,0,1,0,4,1,0,0,3.8,NA,FOCE_I,0:06:53,188.34,0,-7122.4540527325971,1,0.75,1,12.0433,195.278,6.38628,0.627664,1.01779,-0.292076,-0.488759,0.26616,-0.140399,2.99639,-0.139765,0.0265101,0.264438,0.0573986,0.131791,0.151902,0.0477739,NA,NA,NA,NA,NA,NA,NA,NA,NA,NA,NA,NA,NA,NA,NA,NA,NA,NA,NA,NA,NA,NA,NA,NA,NA,NA,NA,NA,NA,NA,NA,NA,NA,NA,NA,NA,NA,NA,NA,NA,NA,NA,NA,NA,NA,NA
145,1,1,0,1,0,0,0,0,0,0,0,0,3.3,NA,FOCE_I,0:06:49,178.65,0,-7533.0947797831877,1,0.75,1,11.8333,183.077,6.59524,0.60849,1.17324,-0.319945,-0.601563,0.244903,-0.159585,2.14858,-0.186349,0.02471,0.253326,0.0515061,0.155599,0.129387,0.0461705,NA,NA,NA,NA,NA,NA,NA,NA,NA,NA,NA,NA,NA,NA,NA,NA,NA,NA,NA,NA,NA,NA,NA,NA,NA,NA,NA,NA,NA,NA,NA,NA,NA,NA,NA,NA,NA,NA,NA,NA,NA,NA,NA,NA,NA,NA
146,1,1,0,1,0,0,0,0,0,0,1,0,3.3,NA,FOCE_I,0:08:50,293.95,0,-7589.4063348991676,1,0.75,1,11.8966,186.8,6.64443,0.612415,1.52262,-0.362554,-0.563952,0.232033,-0.131708,2.21261,-0.154303,0.030573,0.248439,0.0551136,0.149968,0.159025,0.0411517,NA,NA,NA,NA,NA,NA,NA,NA,NA,NA,NA,NA,NA,NA,NA,NA,NA,NA,NA,NA,NA,NA,NA,NA,NA,NA,NA,NA,NA,NA,NA,NA,NA,NA,NA,NA,NA,NA,NA,NA,NA,NA,NA,NA,NA,NA
147,1,1,0,1,0,0,0,0,0,0,0,0,3.2,NA,FOCE_I,0:07:22,222.95,0,-7058.2183513019800,1,0.75,1,12.0844,186.876,6.56451,0.597165,1.80029,-0.316067,-0.601038,0.240462,-0.146901,1.79606,-0.0927705,0.0217382,0.252043,0.0523577,0.147249,0.152946,0.0466462,NA,NA,NA,NA,NA,NA,NA,NA,NA,NA,NA,NA,NA,NA,NA,NA,NA,NA,NA,NA,NA,NA,NA,NA,NA,NA,NA,NA,NA,NA,NA,NA,NA,NA,NA,NA,NA,NA,NA,NA,NA,NA,NA,NA,NA,NA
148,1,1,0,0,0,0,1,1,3,1,0,0,NA,NA,FOCE_I,0:08:03,268.91,0,-7204.1058602546327,1,0.75,1,11.9893,187.282,6.37747,0.59947,1.66746,-0.379667,-0.455579,0.226929,-0.130773,2.99639,-0.150915,0.0269766,0.2236,0.0591795,0.149493,0.15713,0.0447926,NA,NA,NA,NA,NA,NA,NA,NA,NA,NA,NA,NA,NA,NA,NA,NA,NA,NA,NA,NA,NA,NA,NA,NA,NA,NA,NA,NA,NA,NA,NA,NA,NA,NA,NA,NA,NA,NA,NA,NA,NA,NA,NA,NA,NA,NA
149,1,1,0,1,0,0,0,0,0,0,0,0,3.7,NA,FOCE_I,0:06:38,177.79,0,-7290.7498494720248,1,0.75,1,11.8428,182.961,6.34476,0.598492,1.29826,-0.375176,-0.600948,0.248186,-0.155917,2.13899,-0.132578,0.0189649,0.202424,0.0594262,0.117614,0.137156,0.0439225,NA,NA,NA,NA,NA,NA,NA,NA,NA,NA,NA,NA,NA,NA,NA,NA,NA,NA,NA,NA,NA,NA,NA,NA,NA,NA,NA,NA,NA,NA,NA,NA,NA,NA,NA,NA,NA,NA,NA,NA,NA,NA,NA,NA,NA,NA
150,1,1,0,1,0,0,0,0,0,0,0,0,3.9,NA,FOCE_I,0:05:54,141.61,0,-7130.6078741730889,1,0.75,1,12.1968,201.548,6.56134,0.644352,1.01412,-0.365288,-0.549652,0.299655,-0.135441,2.09869,-0.0903649,0.0262431,0.256283,0.0226172,0.175921,0.159207,0.0456171,NA,NA,NA,NA,NA,NA,NA,NA,NA,NA,NA,NA,NA,NA,NA,NA,NA,NA,NA,NA,NA,NA,NA,NA,NA,NA,NA,NA,NA,NA,NA,NA,NA,NA,NA,NA,NA,NA,NA,NA,NA,NA,NA,NA,NA,NA
151,1,1,0,1,0,0,1,0,3,1,0,0,3.5,NA,FOCE_I,0:07:40,238.43,0,-7394.2821303416704,1,0.75,1,11.5916,195.25,6.48556,0.635863,1.3797,-0.352256,-0.488527,0.286559,-0.134826,2.99639,-0.187349,0.0183918,0.262071,0.0283115,0.2019,0.152465,0.0448416,NA,NA,NA,NA,NA,NA,NA,NA,NA,NA,NA,NA,NA,NA,NA,NA,NA,NA,NA,NA,NA,NA,NA,NA,NA,NA,NA,NA,NA,NA,NA,NA,NA,NA,NA,NA,NA,NA,NA,NA,NA,NA,NA,NA,NA,NA
152,1,1,0,1,0,0,0,0,0,0,0,0,3.4,NA,FOCE_I,0:06:40,185.64,0,-7311.6626771614056,1,0.75,1,11.9313,198.973,6.54135,0.617246,1.07755,-0.333494,-0.546736,0.328248,-0.131104,2.8421,-0.110252,0.019153,0.254486,0.0391991,0.179934,0.141179,0.0465284,NA,NA,NA,NA,NA,NA,NA,NA,NA,NA,NA,NA,NA,NA,NA,NA,NA,NA,NA,NA,NA,NA,NA,NA,NA,NA,NA,NA,NA,NA,NA,NA,NA,NA,NA,NA,NA,NA,NA,NA,NA,NA,NA,NA,NA,NA
153,1,1,0,1,0,0,1,0,5,1,0,0,3.3,NA,FOCE_I,0:07:00,198.11,0,-6973.1237601381581,1,0.75,1,11.9564,186.92,6.31163,0.622866,1.43064,-0.354779,-0.457562,0.283572,-0.142635,2.99639,-0.198686,0.0235469,0.2885,0.0466822,0.143467,0.146999,0.0427548,NA,NA,NA,NA,NA,NA,NA,NA,NA,NA,NA,NA,NA,NA,NA,NA,NA,NA,NA,NA,NA,NA,NA,NA,NA,NA,NA,NA,NA,NA,NA,NA,NA,NA,NA,NA,NA,NA,NA,NA,NA,NA,NA,NA,NA,NA
154,1,1,0,1,0,0,0,0,0,0,0,0,3.3,NA,FOCE_I,0:07:23,212.73,0,-7056.7706439513504,1,0.75,1,11.9288,191.533,6.47081,0.623109,1.08113,-0.354602,-0.54315,0.250422,-0.140643,2.12417,-0.122177,0.0249198,0.259349,0.0401238,0.162788,0.148012,0.0428822,NA,NA,NA,NA,NA,NA,NA,NA,NA,NA,NA,NA,NA,NA,NA,NA,NA,NA,NA,NA,NA,NA,NA,NA,NA,NA,NA,NA,NA,NA,NA,NA,NA,NA,NA,NA,NA,NA,NA,NA,NA,NA,NA,NA,NA,NA
155,1,1,0,1,0,0,0,0,0,0,0,0,3.5,NA,FOCE_I,0:06:46,191.45,0,-7740.6383970387324,1,0.75,1,12.3383,205.908,6.37058,0.606721,1.41654,-0.323828,-0.582075,0.285938,-0.149839,2.91457,-0.109175,0.0260979,0.282685,0.0402334,0.165809,0.140396,0.0438637,NA,NA,NA,NA,NA,NA,NA,NA,NA,NA,NA,NA,NA,NA,NA,NA,NA,NA,NA,NA,NA,NA,NA,NA,NA,NA,NA,NA,NA,NA,NA,NA,NA,NA,NA,NA,NA,NA,NA,NA,NA,NA,NA,NA,NA,NA
156,1,1,0,0,0,0,0,1,0,0,0,0,1.9,NA,FOCE_I,0:07:26,229.2,0,-7583.8432375561442,1,0.75,1,11.6785,193.051,6.25249,0.598465,0.981561,-0.332727,-0.49611,0.233634,-0.154835,2.48441,-0.0757524,0.019179,0.2641,0.052319,0.17867,0.157144,0.0436877,NA,NA,NA,NA,NA,NA,NA,NA,NA,NA,NA,NA,NA,NA,NA,NA,NA,NA,NA,NA,NA,NA,NA,NA,NA,NA,NA,NA,NA,NA,NA,NA,NA,NA,NA,NA,NA,NA,NA,NA,NA,NA,NA,NA,NA,NA
157,1,1,0,1,0,0,0,0,0,0,0,0,3.2,NA,FOCE_I,0:06:33,183.53,0,-7429.9763090111101,1,0.75,1,11.7545,192.284,6.41428,0.617616,1.49078,-0.356497,-0.60241,0.241347,-0.147924,1.54951,-0.175401,0.0310525,0.24441,0.055554,0.16453,0.175876,0.0459706,NA,NA,NA,NA,NA,NA,NA,NA,NA,NA,NA,NA,NA,NA,NA,NA,NA,NA,NA,NA,NA,NA,NA,NA,NA,NA,NA,NA,NA,NA,NA,NA,NA,NA,NA,NA,NA,NA,NA,NA,NA,NA,NA,NA,NA,NA
158,1,1,0,1,0,0,0,0,0,0,2,0,3.4,NA,FOCE_I,0:08:36,302.52,0,-8059.1796108837043,1,0.75,1,11.5895,181.816,6.40439,0.614361,0.905498,-0.371858,-0.560366,0.242917,-0.152056,1.93421,-0.14888,0.026078,0.224578,0.0609112,0.134528,0.161176,0.0410219,NA,NA,NA,NA,NA,NA,NA,NA,NA,NA,NA,NA,NA,NA,NA,NA,NA,NA,NA,NA,NA,NA,NA,NA,NA,NA,NA,NA,NA,NA,NA,NA,NA,NA,NA,NA,NA,NA,NA,NA,NA,NA,NA,NA,NA,NA
159,1,1,0,1,0,0,1,0,8,1,0,0,3.6,NA,FOCE_I,0:06:36,184.18,0,-7071.0702523287728,1,0.75,1,11.9454,180.499,6.54424,0.582152,0.648969,-0.331798,-0.494872,0.250734,-0.154775,2.99639,-0.168374,0.0220886,0.239497,0.0483502,0.137912,0.149661,0.0456489,NA,NA,NA,NA,NA,NA,NA,NA,NA,NA,NA,NA,NA,NA,NA,NA,NA,NA,NA,NA,NA,NA,NA,NA,NA,NA,NA,NA,NA,NA,NA,NA,NA,NA,NA,NA,NA,NA,NA,NA,NA,NA,NA,NA,NA,NA
160,1,1,0,1,0,0,0,0,0,0,0,0,3.4,NA,FOCE_I,0:06:22,165.02,0,-7281.5901728136150,1,0.75,1,11.4049,177.939,6.55964,0.629558,1.09738,-0.339906,-0.518254,0.244973,-0.16663,2.39235,-0.183194,0.0215824,0.282119,0.0386102,0.192177,0.150621,0.0446481,NA,NA,NA,NA,NA,NA,NA,NA,NA,NA,NA,NA,NA,NA,NA,NA,NA,NA,NA,NA,NA,NA,NA,NA,NA,NA,NA,NA,NA,NA,NA,NA,NA,NA,NA,NA,NA,NA,NA,NA,NA,NA,NA,NA,NA,NA
161,1,1,0,1,0,0,0,0,0,0,0,0,3.2,NA,FOCE_I,0:06:20,154.39,0,-7519.8889172357458,1,0.75,1,11.5174,185.713,6.43264,0.60123,1.12929,-0.334422,-0.549223,0.27712,-0.156415,2.02493,-0.141124,0.0182006,0.249019,0.0516981,0.135875,0.116866,0.0463644,NA,NA,NA,NA,NA,NA,NA,NA,NA,NA,NA,NA,NA,NA,NA,NA,NA,NA,NA,NA,NA,NA,NA,NA,NA,NA,NA,NA,NA,NA,NA,NA,NA,NA,NA,NA,NA,NA,NA,NA,NA,NA,NA,NA,NA,NA
162,1,1,0,1,0,0,0,0,0,0,0,0,4.2,NA,FOCE_I,0:06:36,177.04,0,-7225.7041818134958,1,0.75,1,11.5097,187.618,6.60768,0.623386,1.09088,-0.334265,-0.573037,0.301513,-0.137902,1.87334,-0.193789,0.0264888,0.309697,0.0126562,0.185664,0.122734,0.0460254,NA,NA,NA,NA,NA,NA,NA,NA,NA,NA,NA,NA,NA,NA,NA,NA,NA,NA,NA,NA,NA,NA,NA,NA,NA,NA,NA,NA,NA,NA,NA,NA,NA,NA,NA,NA,NA,NA,NA,NA,NA,NA,NA,NA,NA,NA
163,1,1,0,1,0,0,1,0,7,1,0,0,3.5,NA,FOCE_I,0:06:22,169.13,0,-7381.6163566120904,1,0.75,1,12.2173,205.479,6.44669,0.614884,1.98812,-0.303797,-0.520384,0.242799,-0.133893,2.99639,-0.108833,0.0357073,0.229071,0.0581086,0.172901,0.134348,0.0420113,NA,NA,NA,NA,NA,NA,NA,NA,NA,NA,NA,NA,NA,NA,NA,NA,NA,NA,NA,NA,NA,NA,NA,NA,NA,NA,NA,NA,NA,NA,NA,NA,NA,NA,NA,NA,NA,NA,NA,NA,NA,NA,NA,NA,NA,NA
164,1,1,0,0,0,0,0,1,0,0,2,0,NA,NA,FOCE_I,0:08:11,281.06,0,-7560.2035676234591,1,0.75,1,12.6039,202.523,6.23388,0.590872,1.43085,-0.370579,-0.508145,0.213316,-0.141459,2.76659,-0.0850103,0.0286921,0.221749,0.056456,0.160722,0.130791,0.0435902,NA,NA,NA,NA,NA,NA,NA,NA,NA,NA,NA,NA,NA,NA,NA,NA,NA,NA,NA,NA,NA,NA,NA,NA,NA,NA,NA,NA,NA,NA,NA,NA,NA,NA,NA,NA,NA,NA,NA,NA,NA,NA,NA,NA,NA,NA
165,1,1,0,1,0,0,0,0,0,0,0,0,3.8,NA,FOCE_I,0:06:38,188.3,0,-7116.1943522158408,1,0.75,1,12.0342,192.354,6.36968,0.640732,1.22531,-0.343556,-0.540843,0.256216,-0.152331,1.82845,-0.0876841,0.0218059,0.312444,0.0110075,0.204274,0.154209,0.0462797,NA,NA,NA,NA,NA,NA,NA,NA,NA,NA,NA,NA,NA,NA,NA,NA,NA,NA,NA,NA,NA,NA,NA,NA,NA,NA,NA,NA,NA,NA,NA,NA,NA,NA,NA,NA,NA,NA,NA,NA,NA,NA,NA,NA,NA,NA
166,1,1,0,1,0,0,0,0,0,0,0,0,3.5,NA,FOCE_I,0:06:20,161.64,0,-6900.6021277705986,1,0.75,1,11.567,182.439,6.52887,0.630243,1.08632,-0.282196,-0.503563,0.302192,-0.149391,2.45678,-0.15858,0.0230769,0.288606,0.03876,0.144053,0.137848,0.0456229,NA,NA,NA,NA,NA,NA,NA,NA,NA,NA,NA,NA,NA,NA,NA,NA,NA,NA,NA,NA,NA,NA,NA,NA,NA,NA,NA,NA,NA,NA,NA,NA,NA,NA,NA,NA,NA,NA,NA,NA,NA,NA,NA,NA,NA,NA
167,1,1,0,1,0,0,0,0,0,0,0,0,3.2,NA,FOCE_I,0:06:44,183.65,0,-7697.0198095458563,1,0.75,1,12.2716,200.282,6.59089,0.622608,1.25376,-0.294491,-0.612477,0.294032,-0.148461,1.96943,-0.0991512,0.024469,0.255223,0.0506001,0.139737,0.145568,0.0456897,NA,NA,NA,NA,NA,NA,NA,NA,NA,NA,NA,NA,NA,NA,NA,NA,NA,NA,NA,NA,NA,NA,NA,NA,NA,NA,NA,NA,NA,NA,NA,NA,NA,NA,NA,NA,NA,NA,NA,NA,NA,NA,NA,NA,NA,NA
168,1,1,0,1,0,0,0,0,0,0,0,0,3.8,NA,FOCE_I,0:06:38,172,0,-7129.1915806057705,1,0.75,1,11.9408,192.012,6.55172,0.610635,1.34659,-0.362426,-0.558729,0.247082,-0.145255,1.93793,-0.137578,0.0238486,0.25774,0.0475969,0.164014,0.132183,0.0465206,NA,NA,NA,NA,NA,NA,NA,NA,NA,NA,NA,NA,NA,NA,NA,NA,NA,NA,NA,NA,NA,NA,NA,NA,NA,NA,NA,NA,NA,NA,NA,NA,NA,NA,NA,NA,NA,NA,NA,NA,NA,NA,NA,NA,NA,NA
169,1,1,0,1,0,0,0,0,0,0,0,0,3.8,NA,FOCE_I,0:07:04,203.98,0,-7198.7614406228295,1,0.75,1,11.4825,177.564,6.51897,0.636976,1.38704,-0.319841,-0.582334,0.253467,-0.153459,2.90164,-0.169067,0.0276463,0.2167,0.0593053,0.133284,0.127426,0.0465509,NA,NA,NA,NA,NA,NA,NA,NA,NA,NA,NA,NA,NA,NA,NA,NA,NA,NA,NA,NA,NA,NA,NA,NA,NA,NA,NA,NA,NA,NA,NA,NA,NA,NA,NA,NA,NA,NA,NA,NA,NA,NA,NA,NA,NA,NA
170,1,1,0,1,0,0,0,0,0,0,0,0,3.9,NA,FOCE_I,0:07:23,230.36,0,-7168.1849055238154,1,0.75,1,11.7695,190.812,6.38203,0.608104,1.07648,-0.353417,-0.604822,0.267422,-0.130898,1.68499,-0.184385,0.027344,0.255072,0.0446372,0.190886,0.157523,0.0451359,NA,NA,NA,NA,NA,NA,NA,NA,NA,NA,NA,NA,NA,NA,NA,NA,NA,NA,NA,NA,NA,NA,NA,NA,NA,NA,NA,NA,NA,NA,NA,NA,NA,NA,NA,NA,NA,NA,NA,NA,NA,NA,NA,NA,NA,NA
171,1,1,0,0,0,0,0,1,0,0,3,0,2.6,NA,FOCE_I,0:09:44,381.41,0,-7066.2015819455719,1,0.75,1,11.9842,183.756,6.40968,0.588415,1.32571,-0.332565,-0.602504,0.254189,-0.137229,2.62363,-0.0842599,0.0176134,0.242014,0.056914,0.110355,0.137129,0.0491368,NA,NA,NA,NA,NA,NA,NA,NA,NA,NA,NA,NA,NA,NA,NA,NA,NA,NA,NA,NA,NA,NA,NA,NA,NA,NA,NA,NA,NA,NA,NA,NA,NA,NA,NA,NA,NA,NA,NA,NA,NA,NA,NA,NA,NA,NA
172,1,1,0,1,0,0,0,0,0,0,0,0,3.5,NA,FOCE_I,0:06:23,178.17,0,-7491.9671854601202,1,0.75,1,12.0919,192.337,6.45578,0.630667,1.26702,-0.369727,-0.553975,0.233805,-0.144266,2.21724,-0.127565,0.0249117,0.263155,0.0417747,0.183662,0.132215,0.0444387,NA,NA,NA,NA,NA,NA,NA,NA,NA,NA,NA,NA,NA,NA,NA,NA,NA,NA,NA,NA,NA,NA,NA,NA,NA,NA,NA,NA,NA,NA,NA,NA,NA,NA,NA,NA,NA,NA,NA,NA,NA,NA,NA,NA,NA,NA
173,1,1,0,1,0,0,0,0,0,0,0,0,3.6,NA,FOCE_I,0:05:55,151.89,0,-7414.7079610810697,1,0.75,1,11.7479,189.46,6.4609,0.626575,1.03824,-0.343575,-0.555199,0.262101,-0.151162,2.03885,-0.133785,0.0240625,0.296611,0.0401158,0.139205,0.148736,0.0459103,NA,NA,NA,NA,NA,NA,NA,NA,NA,NA,NA,NA,NA,NA,NA,NA,NA,NA,NA,NA,NA,NA,NA,NA,NA,NA,NA,NA,NA,NA,NA,NA,NA,NA,NA,NA,NA,NA,NA,NA,NA,NA,NA,NA,NA,NA
174,1,1,0,1,0,0,0,0,0,0,0,0,3.1,NA,FOCE_I,0:05:44,143.55,0,-7182.1631219915671,1,0.75,1,12.1785,193.581,6.46706,0.64882,0.865181,-0.348467,-0.608309,0.251815,-0.139895,2.34351,-0.113817,0.0212538,0.290519,0.0394391,0.136792,0.163983,0.0456036,NA,NA,NA,NA,NA,NA,NA,NA,NA,NA,NA,NA,NA,NA,NA,NA,NA,NA,NA,NA,NA,NA,NA,NA,NA,NA,NA,NA,NA,NA,NA,NA,NA,NA,NA,NA,NA,NA,NA,NA,NA,NA,NA,NA,NA,NA
175,1,1,0,1,0,0,0,0,0,0,0,0,3.3,NA,FOCE_I,0:06:04,162.68,0,-7847.8114190517326,1,0.75,1,12.0158,184.899,6.63243,0.611163,0.864135,-0.348936,-0.525147,0.226941,-0.151064,2.23162,-0.150027,0.0238544,0.238433,0.0539386,0.150174,0.148831,0.0417618,NA,NA,NA,NA,NA,NA,NA,NA,NA,NA,NA,NA,NA,NA,NA,NA,NA,NA,NA,NA,NA,NA,NA,NA,NA,NA,NA,NA,NA,NA,NA,NA,NA,NA,NA,NA,NA,NA,NA,NA,NA,NA,NA,NA,NA,NA
